Date,CNY,USD,TWI,SDR
02-Jan-2018,5.0948,0.7837,65.1,0.5503
03-Jan-2018,5.0842,0.7816,64.8,0.5473
04-Jan-2018,5.0983,0.7835,65,0.5493
05-Jan-2018,5.0916,0.7857,65,0.5503
08-Jan-2018,5.0893,0.7842,65,0.5495
09-Jan-2018,5.1062,0.7854,65.1,0.5514
10-Jan-2018,5.1053,0.7828,65,0.5506
11-Jan-2018,5.1313,0.7873,65.3,0.552
12-Jan-2018,5.112,0.7885,65.1,0.5542
15-Jan-2018,5.1036,0.7946,65.3,0.5546
16-Jan-2018,5.1227,0.7968,65.4,0.5561
17-Jan-2018,5.1175,0.7955,65.4,0.553
18-Jan-2018,5.1267,0.7964,65.5,0.5536
19-Jan-2018,5.1286,0.8019,65.7,0.5567
22-Jan-2018,5.1206,0.799,65.6,0.5538
23-Jan-2018,5.1138,0.7989,65.5,0.554
24-Jan-2018,5.1238,0.8016,65.5,0.5559
25-Jan-2018,5.1246,0.8094,65.7,0.5584
29-Jan-2018,5.1215,0.8096,65.7,0.5562
30-Jan-2018,5.1115,0.807,65.7,0.5555
31-Jan-2018,5.1058,0.8073,65.6,0.5548
01-Feb-2018,5.0617,0.8044,65.3,0.5521
02-Feb-2018,5.0244,0.7997,64.9,0.5495
05-Feb-2018,4.9937,0.7929,64.5,0.5439
06-Feb-2018,4.9374,0.7844,63.9,0.5392
07-Feb-2018,4.9316,0.7883,64.1,0.543
08-Feb-2018,4.9455,0.7812,63.9,0.5386
09-Feb-2018,4.9211,0.7779,63.6,0.5385
12-Feb-2018,4.9404,0.7834,63.9,0.5423
13-Feb-2018,4.9786,0.787,64.2,0.5442
14-Feb-2018,4.9898,0.7877,64.1,0.5432
15-Feb-2018,5.0307,0.7933,64.4,0.547
16-Feb-2018,5.051,0.7965,64.5,0.5461
19-Feb-2018,5.0225,0.792,64.3,0.5425
20-Feb-2018,5.0263,0.7926,64.4,0.5429
21-Feb-2018,4.9793,0.7852,64,0.5408
22-Feb-2018,4.9558,0.7806,63.7,0.5385
23-Feb-2018,4.9598,0.7821,63.8,0.54
26-Feb-2018,4.9672,0.7863,63.9,0.5421
27-Feb-2018,4.9492,0.7847,63.8,0.54
28-Feb-2018,4.9312,0.7792,63.6,0.5369
01-Mar-2018,4.9019,0.7731,63.2,0.5347
02-Mar-2018,4.9279,0.7756,63.3,0.5373
05-Mar-2018,4.909,0.7752,63.2,0.5346
06-Mar-2018,4.9284,0.7773,63.4,0.536
07-Mar-2018,4.9377,0.7804,63.4,0.5367
08-Mar-2018,4.9531,0.783,63.7,0.5382
09-Mar-2018,4.9431,0.7792,63.5,0.5362
12-Mar-2018,4.9815,0.7869,64,0.5431
13-Mar-2018,4.9786,0.787,64.1,0.543
14-Mar-2018,4.9717,0.7871,63.9,0.5425
15-Mar-2018,4.9716,0.7876,64,0.5415
16-Mar-2018,4.9297,0.779,63.4,0.536
19-Mar-2018,4.8692,0.7691,62.7,0.5294
20-Mar-2018,4.8738,0.7703,62.7,0.5306
21-Mar-2018,4.874,0.7697,62.8,0.5305
22-Mar-2018,4.8941,0.7744,62.9,0.5338
23-Mar-2018,4.883,0.7711,62.7,0.5302
26-Mar-2018,4.8755,0.7723,62.7,0.5306
27-Mar-2018,4.8448,0.7738,62.6,0.53
28-Mar-2018,4.8316,0.7694,62.3,0.5276
29-Mar-2018,4.8246,0.7665,62.3,0.5259
03-Apr-2018,4.8321,0.7685,62.4,0.5284
04-Apr-2018,4.8478,0.77,62.5,0.5301
05-Apr-2018,4.8472,0.769,62.5,0.5298
06-Apr-2018,4.839,0.7677,62.5,0.529
09-Apr-2018,4.8435,0.7691,62.5,0.5311
10-Apr-2018,4.8719,0.7733,62.8,0.533
11-Apr-2018,4.8665,0.7749,62.8,0.5331
12-Apr-2018,4.8651,0.7751,62.9,0.5323
13-Apr-2018,4.8925,0.778,63.2,0.5349
16-Apr-2018,4.882,0.7769,63.1,0.5342
17-Apr-2018,4.8809,0.7771,63,0.5335
18-Apr-2018,4.8862,0.7771,63.1,0.5332
19-Apr-2018,4.8914,0.7804,63.3,0.536
20-Apr-2018,4.8471,0.7714,62.8,0.5298
23-Apr-2018,4.8296,0.7673,62.6,0.5286
24-Apr-2018,4.8025,0.7608,62.3,0.5259
26-Apr-2018,4.7899,0.7574,62.2,0.5243
27-Apr-2018,4.7832,0.7545,62,0.5226
30-Apr-2018,4.7936,0.757,62.1,0.5265
01-May-2018,4.7746,0.754,62,0.5243
02-May-2018,4.7731,0.7503,61.9,0.523
03-May-2018,4.7886,0.7524,62.1,0.5253
04-May-2018,4.7857,0.7538,62.1,0.5265
07-May-2018,4.7827,0.752,62.1,0.5255
08-May-2018,4.7818,0.7514,62.1,0.5261
09-May-2018,4.7384,0.7435,61.6,0.521
10-May-2018,4.749,0.7458,61.8,0.5227
11-May-2018,4.7811,0.7534,62.2,0.5277
14-May-2018,4.7846,0.7549,62.3,0.5276
15-May-2018,4.7679,0.7508,62.1,0.5243
16-May-2018,4.7654,0.7484,62.1,0.524
17-May-2018,4.7955,0.754,62.5,0.5302
18-May-2018,4.7881,0.7519,62.5,0.5287
21-May-2018,4.7979,0.7519,62.6,0.5292
22-May-2018,4.8374,0.7588,63.1,0.5349
23-May-2018,4.8083,0.7541,62.7,0.5302
24-May-2018,4.8333,0.7562,62.9,0.5333
25-May-2018,4.8336,0.7565,62.9,0.5331
28-May-2018,4.8425,0.7578,62.9,0.5343
29-May-2018,4.8314,0.7535,62.7,0.5313
30-May-2018,4.8233,0.7501,62.5,0.5317
31-May-2018,4.8441,0.7564,62.8,0.5349
01-Jun-2018,4.8391,0.7541,62.7,0.5323
04-Jun-2018,4.8888,0.7615,63.3,0.5372
05-Jun-2018,4.8936,0.7633,63.4,0.5381
06-Jun-2018,4.8976,0.7664,63.5,0.5411
07-Jun-2018,4.895,0.7659,63.4,0.5393
08-Jun-2018,4.8717,0.7609,63.1,0.5347
12-Jun-2018,4.876,0.7615,63.2,0.5362
13-Jun-2018,4.8502,0.7574,63,0.5333
14-Jun-2018,4.8312,0.7555,62.7,0.5326
15-Jun-2018,4.7898,0.7465,62.4,0.5247
18-Jun-2018,4.7968,0.745,62.3,0.528
19-Jun-2018,4.7616,0.738,61.8,0.5229
20-Jun-2018,4.7904,0.7402,62.1,0.5258
21-Jun-2018,4.7805,0.736,61.9,0.5228
22-Jun-2018,4.8095,0.7398,62.1,0.5261
25-Jun-2018,4.8508,0.7419,62.4,0.5256
26-Jun-2018,4.8575,0.7416,62.4,0.5256
27-Jun-2018,4.8642,0.738,62.3,0.5231
28-Jun-2018,4.8614,0.7353,62.3,0.5221
29-Jun-2018,4.8888,0.7391,62.6,0.5261
02-Jul-2018,4.9053,0.7382,62.6,0.5248
03-Jul-2018,4.9312,0.736,62.6,0.5236
04-Jul-2018,4.9054,0.7401,62.7,0.5262
05-Jul-2018,4.8997,0.7378,62.5,0.5246
06-Jul-2018,4.9258,0.7408,62.8,0.5258
09-Jul-2018,4.9452,0.7467,63.1,0.5299
10-Jul-2018,4.9312,0.7457,63,0.5274
11-Jul-2018,4.9368,0.7408,62.8,0.5258
12-Jul-2018,4.9417,0.7384,62.9,0.5244
13-Jul-2018,4.9437,0.7416,63.1,0.5279
16-Jul-2018,4.973,0.7436,63.3,0.5304
17-Jul-2018,4.9643,0.7427,63.1,0.5276
18-Jul-2018,4.9395,0.7361,62.8,0.5232
19-Jul-2018,4.9949,0.7411,63.3,0.5294
20-Jul-2018,4.9972,0.7375,63.1,0.5278
23-Jul-2018,5.0231,0.7423,63.3,0.5302
24-Jul-2018,5.0279,0.7376,63.2,0.5249
25-Jul-2018,5.0273,0.7402,63.2,0.5268
26-Jul-2018,5.0396,0.7436,63.3,0.5292
27-Jul-2018,5.0273,0.7389,63.1,0.5256
30-Jul-2018,5.0521,0.7397,63.3,0.5281
31-Jul-2018,5.0701,0.7431,63.5,0.5295
01-Aug-2018,5.0565,0.7407,63.4,0.5272
02-Aug-2018,5.0348,0.7385,63.2,0.5263
03-Aug-2018,5.0621,0.737,63.3,0.5265
07-Aug-2018,5.074,0.7402,63.5,0.5306
08-Aug-2018,5.0694,0.7427,63.6,0.5311
09-Aug-2018,5.0751,0.7441,63.7,0.5326
10-Aug-2018,5.0242,0.7331,63.1,0.5245
13-Aug-2018,5.0037,0.7279,62.8,0.5232
14-Aug-2018,5.0062,0.7271,62.7,0.524
15-Aug-2018,4.9805,0.7213,62.4,0.5195
16-Aug-2018,5.0082,0.7275,62.8,0.5259
17-Aug-2018,5.01,0.727,62.8,0.5245
20-Aug-2018,5.0055,0.7306,62.9,0.5264
21-Aug-2018,5.0353,0.736,63.1,0.5298
22-Aug-2018,5.0347,0.7356,63.1,0.5273
23-Aug-2018,5.0115,0.7294,62.7,0.5217
24-Aug-2018,5.0113,0.728,62.7,0.5212
27-Aug-2018,4.9901,0.7323,62.7,0.5245
28-Aug-2018,4.994,0.7328,62.7,0.524
29-Aug-2018,4.9829,0.7309,62.6,0.5211
30-Aug-2018,4.9784,0.728,62.4,0.5199
31-Aug-2018,4.9571,0.726,62.2,0.5177
03-Sep-2018,4.919,0.72,61.8,0.5138
04-Sep-2018,4.932,0.7228,62.1,0.5158
05-Sep-2018,4.9149,0.7186,61.9,0.5152
06-Sep-2018,4.904,0.7171,61.7,0.5136
07-Sep-2018,4.892,0.7151,61.5,0.5112
10-Sep-2018,4.8816,0.7115,61.4,0.5082
11-Sep-2018,4.8924,0.7126,61.4,0.5103
12-Sep-2018,4.881,0.7103,61.3,0.5084
13-Sep-2018,4.9182,0.7181,61.8,0.5142
14-Sep-2018,4.9355,0.72,61.9,0.5144
17-Sep-2018,4.9204,0.7162,61.7,0.5106
18-Sep-2018,4.9443,0.7207,62,0.5146
19-Sep-2018,4.9666,0.7248,62.3,0.5172
20-Sep-2018,4.9722,0.726,62.4,0.5178
21-Sep-2018,4.9889,0.7296,62.5,0.5196
24-Sep-2018,4.9796,0.7262,62.4,0.5168
25-Sep-2018,4.9726,0.7244,62.3,0.5158
26-Sep-2018,4.9935,0.7264,62.5,0.5174
27-Sep-2018,4.9723,0.7233,62.2,0.5155
28-Sep-2018,4.9708,0.7222,62.2,0.5151
02-Oct-2018,4.9455,0.72,62.2,0.5158
03-Oct-2018,4.9332,0.7182,62,0.5161
04-Oct-2018,4.8665,0.7085,61.4,0.5086
05-Oct-2018,4.8528,0.7065,61.2,0.5082
08-Oct-2018,4.8697,0.7059,61.3,0.5074
09-Oct-2018,4.9,0.709,61.5,0.5096
10-Oct-2018,4.9259,0.7118,61.8,0.5123
11-Oct-2018,4.9025,0.7072,61.4,0.5079
12-Oct-2018,4.9156,0.7123,61.6,0.5101
15-Oct-2018,4.9172,0.7108,61.6,0.5087
16-Oct-2018,4.9316,0.7122,61.6,0.5095
17-Oct-2018,4.9403,0.7136,61.7,0.5107
18-Oct-2018,4.9461,0.7131,61.8,0.5112
19-Oct-2018,4.9314,0.7109,61.7,0.5103
22-Oct-2018,4.9268,0.7107,61.6,0.5112
23-Oct-2018,4.903,0.7063,61.4,0.5077
24-Oct-2018,4.9277,0.7104,61.6,0.5111
25-Oct-2018,4.9138,0.7077,61.5,0.5103
26-Oct-2018,4.8965,0.7034,61.3,0.5072
29-Oct-2018,4.9361,0.7099,61.8,0.513
30-Oct-2018,4.943,0.7093,61.8,0.512
31-Oct-2018,4.936,0.7085,61.9,0.5126
01-Nov-2018,4.9665,0.713,62.1,0.5159
02-Nov-2018,5.0098,0.7243,62.8,0.5225
05-Nov-2018,4.9704,0.7189,62.3,0.5169
06-Nov-2018,4.9935,0.7213,62.6,0.5204
07-Nov-2018,5.0337,0.7264,62.8,0.5233
08-Nov-2018,5.0426,0.7274,63,0.5224
09-Nov-2018,5.0326,0.7244,62.9,0.5219
12-Nov-2018,5.0303,0.7226,62.9,0.5219
13-Nov-2018,5.0153,0.7212,62.8,0.5229
14-Nov-2018,5.0164,0.7217,62.7,0.5232
15-Nov-2018,5.0507,0.7279,63.1,0.5273
16-Nov-2018,5.0462,0.7269,63.1,0.5261
19-Nov-2018,5.0744,0.7308,63.3,0.5287
20-Nov-2018,5.0499,0.7274,62.9,0.5246
21-Nov-2018,5.0249,0.7235,62.7,0.5214
22-Nov-2018,5.0247,0.725,62.8,0.5232
23-Nov-2018,5.0311,0.725,62.8,0.5232
26-Nov-2018,5.0335,0.725,62.8,0.5232
27-Nov-2018,5.0194,0.7228,62.7,0.5221
28-Nov-2018,5.0297,0.7233,62.8,0.5237
29-Nov-2018,5.0759,0.7314,63.2,0.5301
30-Nov-2018,5.0797,0.7316,63.3,0.5289
03-Dec-2018,5.0955,0.7367,63.6,0.5326
04-Dec-2018,5.0447,0.7375,63.4,0.5334
05-Dec-2018,5.0048,0.7288,62.8,0.5252
06-Dec-2018,4.97,0.7226,62.4,0.5217
07-Dec-2018,4.9699,0.7233,62.4,0.5228
10-Dec-2018,4.977,0.7221,62.3,0.5211
11-Dec-2018,4.9731,0.7205,62.4,0.5201
12-Dec-2018,4.9677,0.7215,62.5,0.5213
13-Dec-2018,4.9668,0.7226,62.5,0.5232
14-Dec-2018,4.9539,0.7189,62.2,0.5194
17-Dec-2018,4.948,0.7173,62.2,0.5202
18-Dec-2018,4.9565,0.7189,62.2,0.5199
19-Dec-2018,4.9562,0.7193,62.1,0.519
20-Dec-2018,4.9017,0.7095,61.4,0.512
21-Dec-2018,4.8986,0.711,61.3,0.5118
24-Dec-2018,4.875,0.7065,61,0.5092
27-Dec-2018,4.8643,0.706,60.9,0.5087
28-Dec-2018,4.834,0.7051,60.6,0.5085
31-Dec-2018,4.8548,0.7058,60.7,0.5075
02-Jan-2019,4.8131,0.702,60.3,0.5047
03-Jan-2019,4.7756,0.6945,59.7,0.4994
04-Jan-2019,4.821,0.7024,60.3,0.5063
07-Jan-2019,4.8831,0.7133,61,0.5129
08-Jan-2019,4.8898,0.713,61.1,0.5119
09-Jan-2019,4.892,0.7154,61.2,0.5134
10-Jan-2019,4.88,0.7185,61.2,0.5157
11-Jan-2019,4.8736,0.722,61.4,0.5165
14-Jan-2019,4.855,0.7184,61.2,0.5134
15-Jan-2019,4.87,0.7212,61.4,0.5162
16-Jan-2019,4.8711,0.7196,61.4,0.5157
17-Jan-2019,4.8392,0.7152,61.1,0.5136
18-Jan-2019,4.875,0.7193,61.5,0.5162
21-Jan-2019,4.8668,0.7169,61.4,0.5146
22-Jan-2019,4.8556,0.7137,61.2,0.5123
23-Jan-2019,4.8421,0.7137,61.1,0.5132
24-Jan-2019,4.8251,0.711,60.8,0.5107
25-Jan-2019,4.8071,0.7095,60.7,0.51
29-Jan-2019,4.8334,0.7167,61,0.5134
30-Jan-2019,4.8307,0.7195,61.2,0.5149
31-Jan-2019,4.8698,0.7268,61.6,0.5202
01-Feb-2019,4.8749,0.7241,61.5,0.5169
04-Feb-2019,4.8749,0.7227,61.5,0.5168
05-Feb-2019,4.8972,0.726,61.8,0.52
06-Feb-2019,4.825,0.7153,60.9,0.5129
07-Feb-2019,4.7886,0.7099,60.6,0.5097
08-Feb-2019,4.773,0.7076,60.4,0.5092
11-Feb-2019,4.8077,0.7093,60.7,0.51
12-Feb-2019,4.8,0.7072,60.6,0.5093
13-Feb-2019,4.8195,0.7134,60.9,0.5144
14-Feb-2019,4.8144,0.7119,60.9,0.5123
15-Feb-2019,4.8065,0.7093,60.7,0.512
18-Feb-2019,4.8308,0.715,61.1,0.5157
19-Feb-2019,4.8188,0.7113,60.9,0.513
20-Feb-2019,4.8155,0.7163,61,0.5163
21-Feb-2019,4.7952,0.7162,61,0.5147
22-Feb-2019,4.7736,0.7093,60.5,0.5093
25-Feb-2019,4.7776,0.7144,60.8,0.5134
26-Feb-2019,4.795,0.7159,60.9,0.5135
27-Feb-2019,4.8072,0.7183,61,0.5149
28-Feb-2019,4.7745,0.7146,60.7,0.5113
01-Mar-2019,4.751,0.7093,60.4,0.5074
04-Mar-2019,4.7468,0.7095,60.5,0.5088
05-Mar-2019,4.7429,0.7076,60.4,0.5082
06-Mar-2019,4.7241,0.7035,60.1,0.5053
07-Mar-2019,4.7299,0.7049,60.2,0.507
08-Mar-2019,4.711,0.7009,60,0.5039
11-Mar-2019,4.7353,0.7044,60.2,0.5079
12-Mar-2019,4.7459,0.7069,60.3,0.5095
13-Mar-2019,4.734,0.7055,60.2,0.5082
14-Mar-2019,4.7374,0.7059,60.2,0.5075
15-Mar-2019,4.7581,0.7081,60.5,0.5091
18-Mar-2019,4.7764,0.7115,60.6,0.511
19-Mar-2019,4.7716,0.7105,60.5,0.5097
20-Mar-2019,4.7499,0.7075,60.3,0.5075
21-Mar-2019,4.7741,0.7145,60.6,0.5125
22-Mar-2019,4.7646,0.7106,60.5,0.5091
25-Mar-2019,4.7528,0.7079,60.3,0.5087
26-Mar-2019,4.7782,0.7122,60.6,0.5114
27-Mar-2019,4.7686,0.7101,60.6,0.5098
28-Mar-2019,4.7759,0.7097,60.6,0.5101
29-Mar-2019,4.7659,0.7087,60.5,0.5105
01-Apr-2019,4.7755,0.7121,60.8,0.5129
02-Apr-2019,4.7582,0.708,60.5,0.51
03-Apr-2019,4.7693,0.7106,60.7,0.5127
04-Apr-2019,4.7748,0.7111,60.7,0.512
05-Apr-2019,4.7859,0.7125,60.9,0.5134
08-Apr-2019,4.7671,0.7094,60.7,0.5114
09-Apr-2019,4.7916,0.7136,61,0.5142
10-Apr-2019,4.7971,0.7144,61,0.5142
11-Apr-2019,4.8092,0.7163,61.2,0.5156
12-Apr-2019,4.7932,0.7132,61,0.5131
15-Apr-2019,4.8078,0.7168,61.2,0.5156
16-Apr-2019,4.7956,0.7147,61.1,0.514
17-Apr-2019,4.8198,0.72,61.5,0.518
18-Apr-2019,4.8079,0.7183,61.4,0.5166
23-Apr-2019,4.782,0.7121,61,0.5134
24-Apr-2019,4.7315,0.7039,60.4,0.5074
26-Apr-2019,4.7298,0.7025,60.4,0.5088
29-Apr-2019,4.7485,0.7056,60.6,0.5107
30-Apr-2019,4.7442,0.7039,60.5,0.5092
01-May-2019,4.7508,0.7054,60.6,0.509
02-May-2019,4.7279,0.702,60.3,0.5059
03-May-2019,4.7131,0.6998,60.1,0.505
06-May-2019,4.7394,0.6989,60.1,0.5053
07-May-2019,4.7674,0.7034,60.5,0.5076
08-May-2019,4.7543,0.7023,60.4,0.5068
09-May-2019,4.7467,0.6976,60.1,0.5035
10-May-2019,4.7598,0.6995,60.2,0.5055
13-May-2019,4.7821,0.6976,60.2,0.5033
14-May-2019,4.7807,0.6955,60.1,0.5022
15-May-2019,4.7665,0.6932,60,0.5009
16-May-2019,4.7559,0.6914,59.8,0.5002
17-May-2019,4.7528,0.6881,59.7,0.4979
20-May-2019,4.7829,0.692,60.1,0.5018
21-May-2019,4.7502,0.6878,59.7,0.4991
22-May-2019,4.7528,0.6875,59.8,0.4992
23-May-2019,4.7537,0.6876,59.8,0.499
24-May-2019,4.7612,0.6888,59.8,0.5003
27-May-2019,4.7802,0.6937,60,0.5027
28-May-2019,4.7852,0.6929,60.1,0.5021
29-May-2019,4.7898,0.693,60.1,0.5022
30-May-2019,4.7884,0.6929,60.2,0.5027
31-May-2019,4.7769,0.6916,60,0.5022
03-Jun-2019,4.7965,0.6948,60.1,0.5044
04-Jun-2019,4.8227,0.6982,60.3,0.5058
05-Jun-2019,4.8373,0.7,60.4,0.5058
06-Jun-2019,4.8216,0.6975,60.2,0.5039
07-Jun-2019,4.816,0.697,60.2,0.504
11-Jun-2019,4.8093,0.6953,60,0.5021
12-Jun-2019,4.8063,0.6948,60,0.5014
13-Jun-2019,4.7832,0.6913,59.7,0.4986
14-Jun-2019,4.7762,0.6898,59.6,0.4983
17-Jun-2019,4.7619,0.6878,59.6,0.4972
18-Jun-2019,4.7379,0.684,59.2,0.4954
19-Jun-2019,4.7477,0.6878,59.5,0.4984
20-Jun-2019,4.7345,0.6895,59.3,0.4992
21-Jun-2019,4.7626,0.6933,59.5,0.4997
24-Jun-2019,4.7797,0.6954,59.6,0.5012
25-Jun-2019,4.7893,0.6958,59.6,0.5001
26-Jun-2019,4.7979,0.697,59.8,0.5009
27-Jun-2019,4.8099,0.6992,60,0.5031
28-Jun-2019,4.8181,0.7013,60.1,0.5045
01-Jul-2019,4.788,0.6994,59.9,0.5031
02-Jul-2019,4.7902,0.6979,59.9,0.5028
03-Jul-2019,4.8192,0.6998,60.1,0.505
04-Jul-2019,4.8335,0.7036,60.4,0.5077
05-Jul-2019,4.8271,0.702,60.3,0.5066
08-Jul-2019,4.8167,0.699,60.2,0.5051
09-Jul-2019,4.7881,0.6958,60,0.5038
10-Jul-2019,4.7668,0.6924,59.7,0.5019
11-Jul-2019,4.7857,0.6972,59.9,0.5051
12-Jul-2019,4.8109,0.7001,60.2,0.5057
15-Jul-2019,4.8357,0.7034,60.4,0.5085
16-Jul-2019,4.8375,0.7036,60.4,0.5081
17-Jul-2019,4.8245,0.701,60.3,0.5075
18-Jul-2019,4.8374,0.7034,60.5,0.5094
19-Jul-2019,4.8581,0.7065,60.6,0.5114
22-Jul-2019,4.8414,0.7038,60.5,0.5087
23-Jul-2019,4.8319,0.7019,60.4,0.508
24-Jul-2019,4.8063,0.6985,60.2,0.5062
25-Jul-2019,4.7913,0.6968,60,0.5051
26-Jul-2019,4.777,0.6944,59.9,0.5036
29-Jul-2019,4.7603,0.6908,59.6,0.5016
30-Jul-2019,4.7518,0.6895,59.6,0.5012
31-Jul-2019,4.7452,0.6894,59.5,0.5012
01-Aug-2019,4.7273,0.6851,59.4,0.4981
02-Aug-2019,4.7249,0.6812,59,0.4973
06-Aug-2019,4.779,0.6784,59.1,0.4935
07-Aug-2019,4.7328,0.6716,58.5,0.488
08-Aug-2019,4.7736,0.6775,59,0.4927
09-Aug-2019,4.8013,0.681,59.3,0.4949
12-Aug-2019,4.7936,0.6786,59.1,0.4933
13-Aug-2019,4.7797,0.6764,59,0.4916
14-Aug-2019,4.7644,0.6788,59.1,0.4931
15-Aug-2019,4.7667,0.6783,59.1,0.4931
16-Aug-2019,4.7783,0.679,59.2,0.494
19-Aug-2019,4.7803,0.6783,59.2,0.4945
20-Aug-2019,4.7977,0.6789,59.3,0.4948
21-Aug-2019,4.7849,0.6781,59.2,0.4947
22-Aug-2019,4.7871,0.6769,59.1,0.4935
23-Aug-2019,4.7885,0.6756,59.1,0.4931
26-Aug-2019,4.8133,0.6734,58.9,0.4915
27-Aug-2019,4.8375,0.6758,59.2,0.4925
28-Aug-2019,4.8246,0.6738,59.1,0.4912
29-Aug-2019,4.8175,0.6722,59,0.4903
30-Aug-2019,4.8029,0.6718,58.9,0.4904
02-Sep-2019,4.8174,0.6728,59,0.4917
03-Sep-2019,4.8246,0.6719,59.1,0.491
04-Sep-2019,4.8552,0.6775,59.5,0.4972
05-Sep-2019,4.8645,0.6817,59.7,0.4984
06-Sep-2019,4.8764,0.6823,59.7,0.4979
09-Sep-2019,4.8905,0.686,60,0.5011
10-Sep-2019,4.8799,0.6857,59.9,0.5008
11-Sep-2019,4.8907,0.6875,60.1,0.5021
12-Sep-2019,4.8772,0.6881,60.1,0.503
13-Sep-2019,4.8656,0.6873,59.9,0.5021
16-Sep-2019,4.8595,0.6875,59.9,0.5006
17-Sep-2019,4.8478,0.6841,59.8,0.499
18-Sep-2019,4.8525,0.6849,59.8,0.5003
19-Sep-2019,4.8226,0.679,59.4,0.4955
20-Sep-2019,4.8185,0.6802,59.3,0.4961
23-Sep-2019,4.8207,0.6778,59.3,0.4945
24-Sep-2019,4.8221,0.6781,59.3,0.4958
25-Sep-2019,4.8272,0.6782,59.3,0.4957
26-Sep-2019,4.8118,0.6752,59.2,0.4936
27-Sep-2019,4.8262,0.6762,59.3,0.4955
30-Sep-2019,4.8086,0.6749,59.2,0.4947
01-Oct-2019,4.7951,0.6708,58.9,0.492
02-Oct-2019,4.7994,0.6714,59,0.4929
03-Oct-2019,4.8015,0.6717,58.9,0.4928
04-Oct-2019,4.8287,0.6755,59.1,0.4946
08-Oct-2019,4.8092,0.6748,59.1,0.4936
09-Oct-2019,4.8122,0.6736,59,0.4931
10-Oct-2019,4.8,0.6746,59,0.4939
11-Oct-2019,4.8139,0.6777,59.2,0.4955
14-Oct-2019,4.7884,0.6788,59.1,0.4953
15-Oct-2019,4.7907,0.6773,59.1,0.4942
16-Oct-2019,4.7783,0.6733,58.8,0.4912
17-Oct-2019,4.8163,0.6785,59.2,0.4948
18-Oct-2019,4.8346,0.6831,59.5,0.4964
21-Oct-2019,4.8494,0.686,59.6,0.4982
22-Oct-2019,4.8663,0.6876,59.7,0.4985
23-Oct-2019,4.8472,0.6843,59.5,0.4965
24-Oct-2019,4.8362,0.6843,59.4,0.4973
25-Oct-2019,4.8222,0.6818,59.3,0.4951
28-Oct-2019,4.8101,0.6814,59.2,0.4952
29-Oct-2019,4.8382,0.6854,59.6,0.4983
30-Oct-2019,4.8489,0.6864,59.7,0.4992
31-Oct-2019,4.8753,0.6926,60,0.5031
01-Nov-2019,4.8635,0.6905,59.8,0.5006
04-Nov-2019,4.8633,0.6921,59.9,0.5015
05-Nov-2019,4.849,0.6904,59.8,0.5004
06-Nov-2019,4.8253,0.6897,59.7,0.5004
07-Nov-2019,4.8199,0.6867,59.6,0.499
08-Nov-2019,4.8018,0.6881,59.6,0.5
11-Nov-2019,4.7978,0.6853,59.5,0.499
12-Nov-2019,4.7954,0.6847,59.4,0.4985
13-Nov-2019,4.8026,0.6843,59.5,0.4984
14-Nov-2019,4.7736,0.6798,59.1,0.4952
15-Nov-2019,4.7615,0.6795,59,0.4952
18-Nov-2019,4.7756,0.6811,59.1,0.4955
19-Nov-2019,4.7763,0.6798,59,0.4941
20-Nov-2019,4.7926,0.6817,59.2,0.4953
21-Nov-2019,4.7845,0.6797,59.1,0.4943
22-Nov-2019,4.7728,0.6788,59,0.4931
25-Nov-2019,4.7803,0.6794,59.1,0.4941
26-Nov-2019,4.7681,0.6782,59,0.4939
27-Nov-2019,4.764,0.6777,58.9,0.4936
28-Nov-2019,4.753,0.6763,58.8,0.4926
29-Nov-2019,4.766,0.6777,59,0.4936
02-Dec-2019,4.7619,0.6774,58.9,0.4934
03-Dec-2019,4.8163,0.6841,59.5,0.4985
04-Dec-2019,4.8249,0.6825,59.4,0.496
05-Dec-2019,4.8246,0.6839,59.4,0.4968
06-Dec-2019,4.8224,0.6843,59.4,0.4965
09-Dec-2019,4.8063,0.6832,59.3,0.4955
10-Dec-2019,4.8064,0.6829,59.2,0.4955
11-Dec-2019,4.7978,0.6818,59.2,0.4946
12-Dec-2019,4.8387,0.6882,59.6,0.4994
13-Dec-2019,4.8263,0.6926,59.7,0.5017
16-Dec-2019,4.8099,0.6873,59.4,0.4966
17-Dec-2019,4.8077,0.6871,59.4,0.497
18-Dec-2019,4.7966,0.6846,59.2,0.4955
19-Dec-2019,4.8185,0.688,59.5,0.4987
20-Dec-2019,4.8304,0.689,59.6,0.4995
23-Dec-2019,4.843,0.6906,59.8,0.5013
24-Dec-2019,4.8465,0.6914,59.8,0.5022
27-Dec-2019,4.8665,0.6953,60.1,0.5047
30-Dec-2019,4.8809,0.699,60.2,0.5065
31-Dec-2019,4.8876,0.7006,60.3,0.5067
02-Jan-2020,4.8789,0.7003,60.2,0.5065
03-Jan-2020,4.855,0.6966,60,0.5033
06-Jan-2020,4.8416,0.6945,59.8,0.5028
07-Jan-2020,4.8186,0.6928,59.6,0.5002
08-Jan-2020,4.7721,0.6871,59.2,0.4964
09-Jan-2020,4.7615,0.6873,59.2,0.4975
10-Jan-2020,4.7646,0.6873,59.2,0.4983
13-Jan-2020,4.7714,0.6914,59.4,0.5013
14-Jan-2020,4.7449,0.6902,59.3,0.5001
15-Jan-2020,4.7566,0.6899,59.3,0.4997
16-Jan-2020,4.755,0.6907,59.3,0.5
17-Jan-2020,4.7374,0.6895,59.2,0.4988
20-Jan-2020,4.7145,0.6884,59.1,0.4986
21-Jan-2020,4.7331,0.6865,59.1,0.4972
22-Jan-2020,4.7208,0.6839,58.9,0.4957
23-Jan-2020,4.7533,0.6867,59.1,0.4979
24-Jan-2020,4.7536,0.6847,59,0.4963
28-Jan-2020,4.6946,0.6762,58.4,0.4913
29-Jan-2020,4.7029,0.6774,58.5,0.4926
30-Jan-2020,4.6786,0.6739,58.3,0.4901
31-Jan-2020,4.6682,0.6724,58.1,0.4887
03-Feb-2020,4.6987,0.6696,58.1,0.4863
04-Feb-2020,4.7029,0.6719,58.2,0.4879
05-Feb-2020,4.7186,0.6738,58.5,0.4896
06-Feb-2020,4.7053,0.676,58.6,0.4915
07-Feb-2020,4.6891,0.6718,58.4,0.4891
10-Feb-2020,4.6827,0.6699,58.3,0.4887
11-Feb-2020,4.6814,0.6709,58.3,0.4894
12-Feb-2020,4.6848,0.6728,58.4,0.4911
13-Feb-2020,4.6905,0.6719,58.4,0.4904
14-Feb-2020,4.6913,0.6719,58.4,0.4912
17-Feb-2020,4.6918,0.6725,58.5,0.4918
18-Feb-2020,4.6806,0.6692,58.3,0.4894
19-Feb-2020,4.6907,0.6696,58.4,0.4899
20-Feb-2020,4.6692,0.665,58.2,0.4873
21-Feb-2020,4.6431,0.6605,57.9,0.4851
24-Feb-2020,4.647,0.6609,58,0.4851
25-Feb-2020,4.6397,0.6614,57.9,0.4851
26-Feb-2020,4.6297,0.6596,57.7,0.483
27-Feb-2020,4.601,0.6555,57.4,0.4795
28-Feb-2020,4.5742,0.6524,57,0.4763
02-Mar-2020,4.546,0.6522,56.8,0.4749
03-Mar-2020,4.5673,0.6552,56.9,0.4752
04-Mar-2020,4.5724,0.6595,57.1,0.4785
05-Mar-2020,4.5934,0.662,57.4,0.4792
06-Mar-2020,4.5927,0.6602,57.1,0.4771
09-Mar-2020,4.5392,0.6539,56.4,0.4696
10-Mar-2020,4.5543,0.6566,56.6,0.4691
11-Mar-2020,4.5221,0.6505,56.2,0.4667
12-Mar-2020,4.5021,0.6457,56,0.464
13-Mar-2020,4.4118,0.6307,55.1,0.455
16-Mar-2020,4.3227,0.6176,54.1,0.4481
17-Mar-2020,4.2817,0.6121,53.7,0.444
18-Mar-2020,4.2175,0.6018,53,0.4398
19-Mar-2020,3.9412,0.5571,49.9,0.4082
20-Mar-2020,4.1465,0.5853,52.4,0.4343
23-Mar-2020,4.0896,0.5762,51.8,0.4271
24-Mar-2020,4.1886,0.5912,53,0.4393
25-Mar-2020,4.2471,0.6007,53.7,0.4434
26-Mar-2020,4.2152,0.5931,53,0.4385
27-Mar-2020,4.3103,0.6102,53.9,0.4484
30-Mar-2020,4.3639,0.615,54.4,0.4503
31-Mar-2020,4.377,0.6175,54.7,0.4505
01-Apr-2020,4.3412,0.6124,54.3,0.4487
02-Apr-2020,4.319,0.6081,54,0.4452
03-Apr-2020,4.3048,0.6072,54,0.4447
06-Apr-2020,4.2797,0.6035,53.8,0.4443
07-Apr-2020,4.3472,0.6145,54.6,0.4525
08-Apr-2020,4.3386,0.6146,54.5,0.4513
09-Apr-2020,4.3912,0.6211,55.1,0.4559
14-Apr-2020,4.5246,0.6419,56.6,0.4699
15-Apr-2020,4.5051,0.6384,56.3,0.4665
16-Apr-2020,4.4506,0.6286,55.7,0.4599
17-Apr-2020,4.5017,0.636,56.3,0.466
20-Apr-2020,4.4916,0.6346,56.2,0.4657
21-Apr-2020,4.4733,0.6314,56,0.4629
22-Apr-2020,4.4785,0.6323,56.1,0.4644
23-Apr-2020,4.4902,0.6341,56.2,0.4652
24-Apr-2020,4.4943,0.6343,56.3,0.4666
27-Apr-2020,4.5716,0.6462,57.2,0.4753
28-Apr-2020,4.5745,0.6457,57.2,0.4734
29-Apr-2020,4.629,0.6542,57.7,0.4789
30-Apr-2020,4.6299,0.6566,57.8,0.4814
01-May-2020,4.5621,0.6459,56.9,0.4727
04-May-2020,4.5077,0.6382,56.3,0.4661
05-May-2020,4.5621,0.6459,56.9,0.4728
06-May-2020,4.5713,0.6449,56.9,0.4732
07-May-2020,4.561,0.6426,56.8,0.4719
08-May-2020,4.6183,0.653,57.6,0.4798
11-May-2020,4.6343,0.6543,57.7,0.4798
12-May-2020,4.5943,0.6477,57.3,0.4759
13-May-2020,4.5903,0.6473,57.2,0.4753
14-May-2020,4.5672,0.6434,56.9,0.4721
15-May-2020,4.5841,0.6455,57.2,0.4751
18-May-2020,4.5724,0.6429,57,0.4729
19-May-2020,4.637,0.652,57.7,0.48
20-May-2020,4.6525,0.6551,57.9,0.4797
21-May-2020,4.6585,0.6556,57.9,0.4802
22-May-2020,4.6575,0.6541,57.9,0.4789
25-May-2020,4.6627,0.6529,57.9,0.4794
26-May-2020,4.6912,0.6577,58.2,0.4829
27-May-2020,4.7507,0.664,58.8,0.4865
28-May-2020,4.7369,0.6612,58.6,0.4837
29-May-2020,4.7587,0.6659,58.8,0.4876
01-Jun-2020,4.7979,0.6742,59.3,0.4914
02-Jun-2020,4.8429,0.6803,59.8,0.4961
03-Jun-2020,4.9361,0.694,60.9,0.5044
04-Jun-2020,4.9189,0.6906,60.6,0.5018
05-Jun-2020,4.9613,0.7,61.2,0.5089
09-Jun-2020,4.9474,0.6995,61,0.507
10-Jun-2020,4.9467,0.6997,60.9,0.5066
11-Jun-2020,4.9001,0.6929,60.3,0.4997
12-Jun-2020,4.8625,0.6867,59.9,0.4952
15-Jun-2020,4.8172,0.679,59.4,0.4911
16-Jun-2020,4.9119,0.6946,60.6,0.5036
17-Jun-2020,4.8791,0.6882,60.1,0.4974
18-Jun-2020,4.8627,0.687,60,0.4979
19-Jun-2020,4.8614,0.6861,60,0.497
22-Jun-2020,4.8576,0.686,60,0.498
23-Jun-2020,4.8825,0.6897,60.2,0.5005
24-Jun-2020,4.9079,0.6943,60.5,0.5025
25-Jun-2020,4.8663,0.6875,60,0.497
26-Jun-2020,4.8755,0.6888,60.1,0.5001
29-Jun-2020,4.8676,0.6879,60.1,0.4991
30-Jun-2020,4.8523,0.6863,60,0.4974
01-Jul-2020,4.8748,0.6895,60.2,0.5012
02-Jul-2020,4.8916,0.6924,60.4,0.5028
03-Jul-2020,4.8969,0.693,60.5,0.5019
06-Jul-2020,4.9111,0.6972,60.7,0.5049
07-Jul-2020,4.8801,0.6958,60.5,0.5039
08-Jul-2020,4.8715,0.6941,60.4,0.5025
09-Jul-2020,4.8818,0.6986,60.6,0.5054
10-Jul-2020,4.8579,0.6931,60.3,0.5002
13-Jul-2020,4.8835,0.6978,60.6,0.504
14-Jul-2020,4.8679,0.6942,60.4,0.5011
15-Jul-2020,4.8983,0.7,60.8,0.5052
16-Jul-2020,4.8933,0.6993,60.8,0.5029
17-Jul-2020,4.8883,0.6982,60.7,0.5033
20-Jul-2020,4.8827,0.6987,60.7,0.5031
21-Jul-2020,4.9226,0.704,61.1,0.5063
22-Jul-2020,4.9867,0.7152,61.8,0.5144
23-Jul-2020,5.0058,0.7151,61.9,0.5123
24-Jul-2020,4.9744,0.7086,61.4,0.5076
27-Jul-2020,4.9912,0.7129,61.5,0.5104
28-Jul-2020,4.9991,0.7141,61.6,0.5083
29-Jul-2020,5.0183,0.7165,61.7,0.5098
30-Jul-2020,5.0134,0.7159,61.7,0.5089
31-Jul-2020,5.0409,0.7213,61.9,0.5126
04-Aug-2020,4.9783,0.7132,61.4,0.5074
05-Aug-2020,4.9975,0.7181,61.7,0.5102
06-Aug-2020,5.0058,0.7207,61.8,0.5104
07-Aug-2020,5.0192,0.7207,61.9,0.5101
10-Aug-2020,4.9904,0.7165,61.6,0.5079
11-Aug-2020,4.9898,0.7177,61.7,0.5101
12-Aug-2020,4.9459,0.7118,61.3,0.505
13-Aug-2020,4.9795,0.7172,61.6,0.5094
14-Aug-2020,4.9701,0.7157,61.5,0.5072
17-Aug-2020,4.9831,0.7183,61.7,0.5096
18-Aug-2020,5.0082,0.7225,62,0.5117
19-Aug-2020,5.0178,0.7249,62,0.5121
20-Aug-2020,4.9655,0.7172,61.6,0.5057
21-Aug-2020,4.9747,0.7204,61.7,0.51
24-Aug-2020,4.9655,0.7178,61.6,0.5085
25-Aug-2020,4.958,0.7174,61.5,0.5078
26-Aug-2020,4.9668,0.7193,61.7,0.5096
27-Aug-2020,4.9827,0.7237,61.9,0.5125
28-Aug-2020,5.0154,0.7299,62.3,0.5168
31-Aug-2020,5.0389,0.7354,62.6,0.5185
01-Sep-2020,5.0542,0.7412,62.9,0.5224
02-Sep-2020,5.0257,0.736,62.6,0.517
03-Sep-2020,4.9997,0.7306,62.3,0.5155
04-Sep-2020,4.9726,0.727,62,0.5142
07-Sep-2020,4.9728,0.7279,62.1,0.5148
08-Sep-2020,4.9809,0.7289,62.2,0.5156
09-Sep-2020,4.9494,0.7225,61.8,0.5118
10-Sep-2020,4.9788,0.728,62.2,0.5167
11-Sep-2020,4.9779,0.7281,62.2,0.5152
14-Sep-2020,4.9767,0.7287,62.2,0.516
15-Sep-2020,4.9702,0.7328,62.3,0.5183
16-Sep-2020,4.9502,0.7311,62.1,0.5161
17-Sep-2020,4.9273,0.7278,61.9,0.5137
18-Sep-2020,4.9455,0.732,62,0.5177
21-Sep-2020,4.9438,0.7315,61.9,0.5164
22-Sep-2020,4.8985,0.7213,61.4,0.5104
23-Sep-2020,4.8467,0.7135,60.8,0.5054
24-Sep-2020,4.8037,0.7042,60.3,0.5003
25-Sep-2020,4.8145,0.7061,60.4,0.5029
28-Sep-2020,4.8124,0.7049,60.3,0.5022
29-Sep-2020,4.8336,0.7084,60.6,0.5036
30-Sep-2020,4.8425,0.7108,60.7,0.5051
01-Oct-2020,4.8814,0.7188,61.2,0.5106
02-Oct-2020,4.8481,0.7139,60.8,0.5062
06-Oct-2020,4.8834,0.7191,61.1,0.5093
07-Oct-2020,4.8379,0.7124,60.7,0.5042
08-Oct-2020,4.8522,0.7145,60.8,0.5063
09-Oct-2020,4.8186,0.7179,60.8,0.5086
12-Oct-2020,4.8585,0.7229,61.2,0.511
13-Oct-2020,4.8502,0.7185,60.9,0.5079
14-Oct-2020,4.8322,0.717,60.8,0.5068
15-Oct-2020,4.7969,0.7136,60.4,0.5055
16-Oct-2020,4.7529,0.7072,60,0.5011
19-Oct-2020,4.7485,0.7086,60,0.502
20-Oct-2020,4.7092,0.7043,59.6,0.4979
21-Oct-2020,4.7074,0.7081,59.7,0.5001
22-Oct-2020,4.7281,0.7093,59.8,0.4994
23-Oct-2020,4.754,0.7113,60,0.5014
26-Oct-2020,4.7581,0.7116,60.1,0.5013
27-Oct-2020,4.7813,0.7134,60.2,0.5034
28-Oct-2020,4.7947,0.7145,60.3,0.504
29-Oct-2020,4.739,0.7062,59.7,0.4997
30-Oct-2020,4.708,0.7044,59.5,0.4989
02-Nov-2020,4.6822,0.7,59.3,0.4959
03-Nov-2020,4.7046,0.703,59.5,0.4987
04-Nov-2020,4.7645,0.7105,60.2,0.5029
05-Nov-2020,4.7693,0.7166,60.4,0.507
06-Nov-2020,4.8138,0.7262,60.9,0.5115
09-Nov-2020,4.7981,0.7292,60.8,0.512
10-Nov-2020,4.8112,0.7282,61,0.5111
11-Nov-2020,4.8219,0.7309,61.1,0.5147
12-Nov-2020,4.8127,0.727,61,0.5127
13-Nov-2020,4.7887,0.723,60.6,0.5095
16-Nov-2020,4.798,0.729,60.9,0.5134
17-Nov-2020,4.8085,0.7322,61.1,0.5151
18-Nov-2020,4.7764,0.7295,60.8,0.5118
19-Nov-2020,4.7911,0.7295,60.8,0.5117
20-Nov-2020,4.7954,0.7295,60.8,0.5125
23-Nov-2020,4.8,0.7313,60.9,0.513
24-Nov-2020,4.8158,0.7317,61.1,0.5125
25-Nov-2020,4.8385,0.7356,61.3,0.5164
26-Nov-2020,4.8352,0.7362,61.3,0.5165
27-Nov-2020,4.8519,0.7375,61.4,0.5174
30-Nov-2020,4.868,0.7393,61.5,0.5187
01-Dec-2020,4.8459,0.7368,61.3,0.5152
02-Dec-2020,4.8329,0.7375,61.2,0.5161
03-Dec-2020,4.859,0.7409,61.5,0.5174
04-Dec-2020,4.8562,0.7428,61.4,0.517
07-Dec-2020,4.8552,0.743,61.5,0.5162
08-Dec-2020,4.8536,0.7426,61.5,0.5176
09-Dec-2020,4.8572,0.7442,61.5,0.5184
10-Dec-2020,4.8942,0.7478,61.9,0.5204
11-Dec-2020,4.9444,0.7561,62.6,0.5275
14-Dec-2020,4.9303,0.754,62.4,0.5256
15-Dec-2020,4.9234,0.7512,62.2,0.5222
16-Dec-2020,4.9482,0.7564,62.5,0.526
17-Dec-2020,4.9595,0.7587,62.6,0.5262
18-Dec-2020,4.9683,0.7594,62.7,0.5257
21-Dec-2020,4.9585,0.757,62.6,0.5242
22-Dec-2020,4.951,0.7557,62.6,0.5259
23-Dec-2020,4.9461,0.7552,62.5,0.5237
24-Dec-2020,4.9527,0.7582,62.7,0.5264
29-Dec-2020,4.9613,0.7596,62.7,0.5274
30-Dec-2020,4.9954,0.7657,63.1,0.5316
31-Dec-2020,5.0298,0.7702,63.4,0.5347
04-Jan-2021,4.9832,0.7703,63.1,0.5348
05-Jan-2021,4.9744,0.7701,63.1,0.5315
06-Jan-2021,5.0149,0.7766,63.6,0.5363
07-Jan-2021,5.0326,0.7795,63.8,0.5373
08-Jan-2021,5.0237,0.7769,63.8,0.5375
11-Jan-2021,4.9937,0.7697,63.5,0.5326
12-Jan-2021,4.9779,0.7691,63.4,0.534
13-Jan-2021,5.0123,0.7763,63.7,0.5388
14-Jan-2021,5.0154,0.7751,63.8,0.5375
15-Jan-2021,5.0232,0.7766,63.8,0.5386
18-Jan-2021,4.9866,0.7685,63.4,0.5336
19-Jan-2021,5.0067,0.7718,63.6,0.5359
20-Jan-2021,4.9953,0.7722,63.5,0.5363
21-Jan-2021,5.0205,0.7771,63.8,0.5395
22-Jan-2021,5.0106,0.7746,63.7,0.537
25-Jan-2021,5.0111,0.7738,63.6,0.5365
27-Jan-2021,4.9995,0.7736,63.6,0.5368
28-Jan-2021,4.9417,0.7628,62.9,0.5295
29-Jan-2021,4.9405,0.7645,63,0.5314
01-Feb-2021,4.9437,0.7652,63,0.5311
02-Feb-2021,4.9251,0.7623,62.8,0.53
03-Feb-2021,4.9175,0.7613,62.7,0.5302
04-Feb-2021,4.9239,0.7624,62.9,0.5313
05-Feb-2021,4.9177,0.7593,62.8,0.5298
08-Feb-2021,4.9551,0.7673,63.3,0.5353
09-Feb-2021,4.9832,0.7727,63.6,0.5382
10-Feb-2021,4.9831,0.774,63.6,0.5371
11-Feb-2021,4.9954,0.7735,63.6,0.5363
12-Feb-2021,5.0019,0.7745,63.7,0.537
15-Feb-2021,5.0258,0.7782,63.9,0.5401
16-Feb-2021,5.0348,0.7796,64.1,0.5411
17-Feb-2021,5.007,0.7753,63.8,0.5368
18-Feb-2021,5.0019,0.7754,63.9,0.5391
19-Feb-2021,5.0279,0.777,64,0.5398
22-Feb-2021,5.0899,0.7876,64.8,0.5458
23-Feb-2021,5.1175,0.7923,65,0.5493
24-Feb-2021,5.1131,0.7913,65,0.548
25-Feb-2021,5.142,0.797,65.4,0.5517
26-Feb-2021,5.0665,0.7829,64.5,0.5412
01-Mar-2021,5.0065,0.7745,63.9,0.5381
02-Mar-2021,5.0195,0.7755,64.1,0.5397
03-Mar-2021,5.0564,0.7822,64.6,0.5448
04-Mar-2021,5.0426,0.7793,64.4,0.5422
05-Mar-2021,4.9903,0.7709,63.9,0.5369
08-Mar-2021,5.0148,0.7702,64.1,0.5391
09-Mar-2021,4.9996,0.7663,64,0.5376
10-Mar-2021,5.0034,0.7684,64.1,0.5383
11-Mar-2021,5.0347,0.7747,64.4,0.5429
12-Mar-2021,5.0502,0.7785,64.6,0.5438
15-Mar-2021,5.0403,0.7749,64.5,0.5426
16-Mar-2021,5.0374,0.7753,64.5,0.5427
17-Mar-2021,5.0309,0.7737,64.4,0.5413
18-Mar-2021,5.0834,0.7827,65,0.5484
19-Mar-2021,5.0484,0.7753,64.5,0.5422
22-Mar-2021,5.0282,0.7726,64.3,0.5411
23-Mar-2021,5.0129,0.77,64.1,0.5388
24-Mar-2021,4.9582,0.7601,63.5,0.5329
25-Mar-2021,4.9651,0.76,63.6,0.5339
26-Mar-2021,4.9807,0.7613,63.7,0.5357
29-Mar-2021,4.9946,0.7631,63.9,0.5374
30-Mar-2021,5.0281,0.7652,64.2,0.5388
31-Mar-2021,4.9895,0.7602,63.9,0.5365
01-Apr-2021,4.9577,0.7543,63.4,0.5322
06-Apr-2021,5.009,0.7648,64,0.5392
07-Apr-2021,5.0087,0.766,64,0.5391
08-Apr-2021,5.0016,0.7638,63.9,0.536
09-Apr-2021,4.9912,0.7614,63.8,0.535
12-Apr-2021,4.9846,0.7605,63.7,0.5343
13-Apr-2021,4.9815,0.7604,63.7,0.5334
14-Apr-2021,5.0179,0.7672,64.1,0.5386
15-Apr-2021,5.0446,0.7716,64.4,0.5404
16-Apr-2021,5.0549,0.7745,64.6,0.5422
19-Apr-2021,5.0497,0.7738,64.5,0.5411
20-Apr-2021,5.0667,0.7803,64.7,0.544
21-Apr-2021,5.0104,0.7715,64.1,0.5377
22-Apr-2021,5.0224,0.7745,64.3,0.5403
23-Apr-2021,5.0233,0.7733,64.2,0.5389
26-Apr-2021,5.0431,0.7771,64.4,0.5414
27-Apr-2021,5.0552,0.7799,64.6,0.5427
28-Apr-2021,5.0237,0.7745,64.3,0.5393
29-Apr-2021,5.0444,0.7796,64.5,0.5435
30-Apr-2021,5.0314,0.7776,64.4,0.5408
03-May-2021,4.9947,0.7714,64.1,0.5372
04-May-2021,5.0135,0.7743,64.3,0.5401
05-May-2021,5.0019,0.7725,64.2,0.5395
06-May-2021,5.0159,0.7741,64.3,0.5403
07-May-2021,5.0239,0.7777,64.4,0.5424
10-May-2021,5.0524,0.7856,64.8,0.5472
11-May-2021,5.0398,0.7839,64.7,0.5435
12-May-2021,5.0194,0.7795,64.4,0.5406
13-May-2021,4.9779,0.7709,63.9,0.5352
14-May-2021,4.9806,0.7736,64,0.5387
17-May-2021,4.9906,0.7751,64.2,0.5388
18-May-2021,5.0062,0.7787,64.3,0.5403
19-May-2021,5.0066,0.7791,64.3,0.5395
20-May-2021,4.9918,0.7749,64.1,0.5369
21-May-2021,4.9894,0.7756,64,0.5376
24-May-2021,4.9794,0.7739,63.9,0.5356
25-May-2021,4.9714,0.7753,63.9,0.537
26-May-2021,4.981,0.7787,64.1,0.5385
27-May-2021,4.9459,0.7748,63.7,0.5357
28-May-2021,4.9236,0.7727,63.6,0.5349
31-May-2021,4.9214,0.7725,63.5,0.5347
01-Jun-2021,4.9341,0.7744,63.6,0.536
02-Jun-2021,4.9421,0.7742,63.7,0.5357
03-Jun-2021,4.9412,0.7733,63.7,0.5361
04-Jun-2021,4.9035,0.7653,63.2,0.5303
07-Jun-2021,4.951,0.7734,63.7,0.5375
08-Jun-2021,4.9501,0.7743,63.8,0.537
09-Jun-2021,4.9503,0.774,63.8,0.5365
10-Jun-2021,4.9396,0.7737,63.7,0.5359
11-Jun-2021,4.9529,0.7754,63.8,0.5377
15-Jun-2021,4.9392,0.7716,63.7,0.536
16-Jun-2021,4.923,0.7694,63.5,0.5346
17-Jun-2021,4.9013,0.7632,63.3,0.5301
18-Jun-2021,4.8587,0.7537,62.7,0.5273
21-Jun-2021,4.849,0.75,62.6,0.5249
22-Jun-2021,4.8579,0.7509,62.6,0.5262
23-Jun-2021,4.8923,0.7545,63,0.5289
24-Jun-2021,4.903,0.7569,63.2,0.5298
25-Jun-2021,4.9053,0.7594,63.2,0.5315
28-Jun-2021,4.9053,0.7591,63.3,0.5312
29-Jun-2021,4.8842,0.7563,63,0.5294
30-Jun-2021,4.8553,0.7518,62.7,0.5269
01-Jul-2021,4.8387,0.7483,62.5,0.5246
02-Jul-2021,4.8384,0.7466,62.5,0.5243
05-Jul-2021,4.8574,0.7513,62.8,0.5276
06-Jul-2021,4.8962,0.7578,63.2,0.5322
07-Jul-2021,4.8534,0.7504,62.7,0.5269
08-Jul-2021,4.8313,0.746,62.4,0.5241
09-Jul-2021,4.8176,0.7427,62.2,0.5217
12-Jul-2021,4.8373,0.7474,62.5,0.5246
13-Jul-2021,4.8432,0.7488,62.6,0.5256
14-Jul-2021,4.828,0.746,62.4,0.5235
15-Jul-2021,4.8312,0.7478,62.4,0.5256
16-Jul-2021,4.8094,0.7439,62.2,0.5222
19-Jul-2021,4.7849,0.7382,61.8,0.5189
20-Jul-2021,4.7509,0.7324,61.4,0.5155
21-Jul-2021,4.726,0.7298,61.2,0.5136
22-Jul-2021,4.7569,0.7356,61.6,0.5181
23-Jul-2021,4.7672,0.7365,61.7,0.5179
26-Jul-2021,4.7687,0.7353,61.7,0.5177
27-Jul-2021,4.7763,0.7372,61.8,0.5185
28-Jul-2021,4.7902,0.7361,61.7,0.5179
29-Jul-2021,4.7773,0.7383,61.7,0.5189
30-Jul-2021,4.771,0.7381,61.6,0.517
03-Aug-2021,4.7811,0.7397,61.8,0.518
04-Aug-2021,4.7792,0.7397,61.7,0.5179
05-Aug-2021,4.7803,0.7395,61.7,0.5181
06-Aug-2021,4.7781,0.7391,61.7,0.5181
09-Aug-2021,4.7652,0.7357,61.6,0.5165
10-Aug-2021,4.7489,0.733,61.4,0.5157
11-Aug-2021,4.7569,0.7338,61.6,0.5168
12-Aug-2021,4.7697,0.7365,61.7,0.5192
13-Aug-2021,4.7528,0.7337,61.5,0.5166
16-Aug-2021,4.7517,0.7336,61.4,0.5165
17-Aug-2021,4.7385,0.7311,61.3,0.5137
18-Aug-2021,4.7055,0.7259,60.9,0.5105
19-Aug-2021,4.6695,0.719,60.5,0.5067
20-Aug-2021,4.6375,0.7133,60,0.5032
23-Aug-2021,4.6494,0.7161,60.2,0.5056
24-Aug-2021,4.6869,0.7234,60.7,0.51
25-Aug-2021,4.6925,0.7245,60.7,0.5103
26-Aug-2021,4.7083,0.7264,60.9,0.5115
27-Aug-2021,4.699,0.7247,60.8,0.51
30-Aug-2021,4.7215,0.7297,61,0.5139
31-Aug-2021,4.7417,0.7335,61.2,0.5156
01-Sep-2021,4.7331,0.7325,61.1,0.5143
02-Sep-2021,4.7681,0.738,61.6,0.5185
03-Sep-2021,4.7947,0.7423,61.9,0.5215
06-Sep-2021,4.7979,0.7435,61.9,0.5224
07-Sep-2021,4.7913,0.7422,61.8,0.5215
08-Sep-2021,4.7732,0.7384,61.7,0.5178
09-Sep-2021,4.7491,0.7349,61.4,0.5163
10-Sep-2021,4.758,0.7382,61.5,0.5181
13-Sep-2021,4.7416,0.7348,61.4,0.5154
14-Sep-2021,4.7327,0.734,61.3,0.516
15-Sep-2021,4.718,0.7323,61.1,0.5142
16-Sep-2021,4.708,0.7317,61,0.5131
17-Sep-2021,4.7115,0.7303,61,0.5132
20-Sep-2021,4.6821,0.7241,60.7,0.509
21-Sep-2021,4.6996,0.7268,60.9,0.5122
22-Sep-2021,4.6897,0.725,60.7,0.5107
23-Sep-2021,4.6839,0.7244,60.7,0.5103
24-Sep-2021,4.7141,0.7297,61.1,0.5142
27-Sep-2021,4.7052,0.7284,61,0.5133
28-Sep-2021,4.717,0.731,61.3,0.5156
29-Sep-2021,4.6903,0.7254,61,0.5125
30-Sep-2021,4.6616,0.7206,60.8,0.5098
01-Oct-2021,4.6473,0.7211,60.7,0.5118
05-Oct-2021,4.6821,0.7265,61.1,0.5141
06-Oct-2021,4.6789,0.726,61.1,0.5139
07-Oct-2021,4.6925,0.7281,61.3,0.5166
08-Oct-2021,4.7076,0.7298,61.5,0.5173
11-Oct-2021,4.7117,0.7319,61.6,0.5188
12-Oct-2021,4.7422,0.7349,62,0.5209
13-Oct-2021,4.7314,0.734,61.8,0.5209
14-Oct-2021,4.7576,0.7388,62.1,0.5242
15-Oct-2021,4.7766,0.7422,62.4,0.5255
18-Oct-2021,4.7656,0.7403,62.3,0.5244
19-Oct-2021,4.7799,0.7455,62.5,0.5283
20-Oct-2021,4.7925,0.7499,62.8,0.5297
21-Oct-2021,4.8003,0.7508,62.8,0.531
22-Oct-2021,4.7843,0.7477,62.6,0.5285
25-Oct-2021,4.7784,0.7487,62.6,0.5291
26-Oct-2021,4.7972,0.7515,62.9,0.5313
27-Oct-2021,4.8046,0.7526,63,0.5319
28-Oct-2021,4.805,0.751,62.9,0.5317
29-Oct-2021,4.8226,0.7546,63.1,0.5339
01-Nov-2021,4.8066,0.7505,63,0.5302
02-Nov-2021,4.7979,0.7497,62.8,0.5314
03-Nov-2021,4.7578,0.7435,62.3,0.5265
04-Nov-2021,4.7623,0.7448,62.4,0.5276
05-Nov-2021,4.7344,0.7397,62.1,0.5248
08-Nov-2021,4.7331,0.7398,62,0.5256
09-Nov-2021,4.7395,0.741,62,0.5254
10-Nov-2021,4.7107,0.7368,61.7,0.5219
11-Nov-2021,4.6786,0.7304,61.4,0.5182
12-Nov-2021,4.6608,0.7287,61.3,0.5188
15-Nov-2021,4.6864,0.7343,61.6,0.5228
16-Nov-2021,4.687,0.7354,61.7,0.5235
17-Nov-2021,4.6535,0.7284,61.3,0.5199
18-Nov-2021,4.6371,0.7273,61.1,0.5197
19-Nov-2021,4.6448,0.7274,61.1,0.5193
22-Nov-2021,4.6302,0.7253,61,0.5186
23-Nov-2021,4.611,0.7221,60.9,0.5167
24-Nov-2021,4.6078,0.7209,60.9,0.5169
25-Nov-2021,4.6023,0.7204,60.9,0.5168
26-Nov-2021,4.5647,0.7142,60.4,0.5124
29-Nov-2021,4.5571,0.714,60.3,0.5122
30-Nov-2021,4.5519,0.7144,60.2,0.511
01-Dec-2021,4.5616,0.7169,60.3,0.5118
02-Dec-2021,4.5212,0.7098,59.8,0.5072
03-Dec-2021,4.5089,0.7076,59.7,0.5052
06-Dec-2021,4.4742,0.7025,59.3,0.5023
07-Dec-2021,4.5051,0.7071,59.7,0.5058
08-Dec-2021,4.5325,0.7133,60.1,0.5109
09-Dec-2021,4.5511,0.7174,60.4,0.5134
10-Dec-2021,4.5514,0.7151,60.3,0.5116
13-Dec-2021,4.5658,0.7176,60.5,0.5141
14-Dec-2021,4.5219,0.7104,60,0.5086
15-Dec-2021,4.5277,0.7114,60.1,0.5087
16-Dec-2021,4.5593,0.716,60.5,0.5127
17-Dec-2021,4.5652,0.7167,60.4,0.5127
20-Dec-2021,4.5343,0.7109,60.1,0.5084
21-Dec-2021,4.5341,0.7113,60.1,0.5096
22-Dec-2021,4.5457,0.7133,60.3,0.5107
23-Dec-2021,4.5931,0.721,60.8,0.5159
24-Dec-2021,4.6069,0.7232,60.9,0.5167
29-Dec-2021,4.6086,0.7233,61,0.5168
30-Dec-2021,4.6225,0.7258,61.1,0.5186
31-Dec-2021,4.625,0.7256,61.1,0.5184
04-Jan-2022,4.5949,0.7211,60.8,0.5147
05-Jan-2022,4.6083,0.7232,61,0.5178
06-Jan-2022,4.5767,0.7177,60.6,0.5129
07-Jan-2022,4.5664,0.7162,60.5,0.5122
10-Jan-2022,4.5848,0.7193,60.7,0.5144
11-Jan-2022,4.5778,0.7186,60.5,0.5133
12-Jan-2022,4.5946,0.7218,60.7,0.5154
13-Jan-2022,4.6381,0.7291,61.2,0.5201
14-Jan-2022,4.6311,0.7283,61,0.5175
17-Jan-2022,4.5741,0.7207,60.5,0.5119
18-Jan-2022,4.5648,0.7195,60.4,0.5111
19-Jan-2022,4.5653,0.7188,60.4,0.5121
20-Jan-2022,4.5914,0.7238,60.8,0.5161
21-Jan-2022,4.5616,0.7192,60.4,0.5129
24-Jan-2022,4.547,0.718,60.3,0.5121
25-Jan-2022,4.5148,0.7133,59.9,0.5092
27-Jan-2022,4.4949,0.7082,59.8,0.5059
28-Jan-2022,4.4676,0.7028,59.4,0.5049
31-Jan-2022,4.4598,0.7011,59.3,0.5041
01-Feb-2022,4.4948,0.7066,59.7,0.5077
02-Feb-2022,4.5381,0.7134,60.2,0.5103
03-Feb-2022,4.5292,0.712,60,0.5083
04-Feb-2022,4.5483,0.715,60.1,0.511
07-Feb-2022,4.509,0.7092,59.7,0.5042
08-Feb-2022,4.5292,0.7121,60,0.5069
09-Feb-2022,4.5592,0.7167,60.4,0.5106
10-Feb-2022,4.5624,0.7175,60.4,0.511
11-Feb-2022,4.532,0.712,60.1,0.5072
14-Feb-2022,4.5268,0.7118,60,0.5076
15-Feb-2022,4.5286,0.7127,60.1,0.5094
16-Feb-2022,4.5357,0.7155,60.2,0.5108
17-Feb-2022,4.5436,0.7172,60.3,0.5113
18-Feb-2022,4.5646,0.7206,60.6,0.5136
21-Feb-2022,4.5653,0.7215,60.6,0.5141
22-Feb-2022,4.5659,0.7202,60.6,0.5132
23-Feb-2022,4.5781,0.7235,60.8,0.516
24-Feb-2022,4.5476,0.7198,60.5,0.5133
25-Feb-2022,4.5481,0.7198,60.6,0.5163
28-Feb-2022,4.5329,0.7182,60.6,0.5151
01-Mar-2022,4.5823,0.726,61.1,0.5205
02-Mar-2022,4.5882,0.7269,61.3,0.5212
03-Mar-2022,4.6132,0.7301,61.6,0.525
04-Mar-2022,4.6505,0.7359,62.1,0.5295
07-Mar-2022,4.6909,0.7419,62.8,0.5356
08-Mar-2022,4.6147,0.7309,62,0.5296
09-Mar-2022,4.6024,0.7285,61.8,0.5277
10-Mar-2022,4.627,0.7321,62,0.5292
11-Mar-2022,4.6399,0.7336,62.2,0.5293
14-Mar-2022,4.6101,0.7258,61.8,0.5247
15-Mar-2022,4.5813,0.7186,61.3,0.5215
16-Mar-2022,4.5842,0.7207,61.4,0.5225
17-Mar-2022,4.6447,0.7318,62.2,0.5298
18-Mar-2022,4.6921,0.738,62.7,0.5335
21-Mar-2022,4.7125,0.7404,63,0.536
22-Mar-2022,4.7055,0.7394,63,0.5351
23-Mar-2022,4.7513,0.7459,63.5,0.5406
24-Mar-2022,4.7631,0.7473,63.7,0.5421
25-Mar-2022,4.7871,0.7526,64.1,0.5461
28-Mar-2022,4.7969,0.7524,64.3,0.5455
29-Mar-2022,4.7657,0.7482,64,0.5439
30-Mar-2022,4.7868,0.7527,64.1,0.5462
31-Mar-2022,4.7506,0.7482,63.6,0.5409
01-Apr-2022,4.7491,0.7477,63.7,0.5409
04-Apr-2022,4.7811,0.7514,64.1,0.5443
05-Apr-2022,4.8453,0.7615,64.9,0.553
06-Apr-2022,4.8225,0.7572,64.8,0.5503
07-Apr-2022,4.76,0.7483,64,0.5451
08-Apr-2022,4.7579,0.7483,64,0.5454
11-Apr-2022,4.7464,0.7448,63.9,0.5432
12-Apr-2022,4.7331,0.7433,63.8,0.5422
13-Apr-2022,4.7429,0.7451,64,0.5443
14-Apr-2022,4.7475,0.7458,63.9,0.5456
19-Apr-2022,4.6986,0.7373,63.6,0.5399
20-Apr-2022,4.7504,0.7426,64.1,0.5446
21-Apr-2022,4.7955,0.7444,64.4,0.545
22-Apr-2022,4.7439,0.7335,63.6,0.5368
26-Apr-2022,4.7184,0.722,63,0.5335
27-Apr-2022,4.7033,0.7179,62.9,0.5305
28-Apr-2022,4.6893,0.7096,62.6,0.5262
29-Apr-2022,4.7308,0.7148,63.1,0.5335
02-May-2022,4.6544,0.7043,62.2,0.5239
03-May-2022,4.6967,0.7107,62.8,0.5297
04-May-2022,4.6986,0.711,62.8,0.5307
05-May-2022,4.7863,0.7241,63.7,0.5397
06-May-2022,4.7418,0.7095,63,0.5274
09-May-2022,4.7063,0.7002,62.4,0.522
10-May-2022,4.6726,0.6975,62,0.5215
11-May-2022,4.6801,0.6955,62,0.5195
12-May-2022,4.6587,0.6879,61.5,0.5137
13-May-2022,4.6875,0.6898,61.8,0.5175
16-May-2022,4.6776,0.6889,61.7,0.5176
17-May-2022,4.7408,0.7007,62.5,0.5257
18-May-2022,4.7437,0.7034,62.6,0.5253
19-May-2022,4.7317,0.6996,62.4,0.5226
20-May-2022,4.7117,0.704,62.3,0.5252
23-May-2022,4.7341,0.7112,62.8,0.529
24-May-2022,4.7246,0.7083,62.5,0.5248
25-May-2022,4.7416,0.7107,62.7,0.5265
26-May-2022,4.7664,0.7066,62.6,0.5242
27-May-2022,4.8076,0.7134,63,0.5284
30-May-2022,4.777,0.7184,63.1,0.5325
31-May-2022,4.7873,0.7187,63.2,0.5327
01-Jun-2022,4.8001,0.7168,63.3,0.5311
02-Jun-2022,4.789,0.7157,63.3,0.5305
03-Jun-2022,4.8334,0.7257,63.9,0.5383
06-Jun-2022,4.7888,0.7201,63.5,0.5332
07-Jun-2022,4.7881,0.7177,63.6,0.5317
08-Jun-2022,4.8057,0.7202,63.8,0.5355
09-Jun-2022,4.7933,0.7176,63.7,0.5333
10-Jun-2022,4.7595,0.7121,63.3,0.5289
14-Jun-2022,4.6871,0.6966,62.5,0.5232
15-Jun-2022,4.637,0.6906,62,0.5195
16-Jun-2022,4.6925,0.6999,62.7,0.5256
17-Jun-2022,4.6967,0.7012,62.7,0.5274
20-Jun-2022,4.6547,0.6967,62.3,0.5218
21-Jun-2022,4.6617,0.696,62.3,0.5212
22-Jun-2022,4.6511,0.6917,62.1,0.5178
23-Jun-2022,4.6253,0.6898,61.8,0.5173
24-Jun-2022,4.6244,0.6908,61.8,0.5181
27-Jun-2022,4.6343,0.693,61.9,0.5187
28-Jun-2022,4.6394,0.6928,62,0.5179
29-Jun-2022,4.6213,0.6898,61.8,0.5162
30-Jun-2022,4.6122,0.6889,61.8,0.5169
01-Jul-2022,4.5826,0.683,61.3,0.5144
04-Jul-2022,4.5739,0.6834,61.4,0.5138
05-Jul-2022,4.5998,0.6873,61.7,0.5168
06-Jul-2022,4.5509,0.6784,61.2,0.5127
07-Jul-2022,4.5707,0.6822,61.5,0.5173
08-Jul-2022,4.5762,0.6824,61.6,0.5174
11-Jul-2022,4.5725,0.6813,61.6,0.5173
12-Jul-2022,4.5248,0.672,61,0.5111
13-Jul-2022,4.5509,0.6771,61.4,0.517
14-Jul-2022,4.5476,0.6757,61.4,0.515
15-Jul-2022,4.5484,0.673,61.3,0.5147
18-Jul-2022,4.589,0.6802,61.8,0.5195
19-Jul-2022,4.6231,0.6851,62.2,0.5209
20-Jul-2022,4.6675,0.6912,62.6,0.5236
21-Jul-2022,4.6713,0.691,62.7,0.5249
22-Jul-2022,4.6711,0.6906,62.7,0.5251
25-Jul-2022,4.6677,0.6909,62.6,0.5252
26-Jul-2022,4.7024,0.6961,63,0.5274
27-Jul-2022,4.6917,0.694,62.9,0.5274
28-Jul-2022,4.7174,0.6996,63.1,0.5313
29-Jul-2022,4.7252,0.7007,63.1,0.532
02-Aug-2022,4.7105,0.6956,62.6,0.5251
03-Aug-2022,4.6801,0.6934,62.5,0.5237
04-Aug-2022,4.7005,0.6961,62.8,0.5269
05-Aug-2022,4.7013,0.6968,62.7,0.5278
08-Aug-2022,4.6911,0.6937,62.7,0.5244
09-Aug-2022,4.7093,0.6975,62.9,0.5287
10-Aug-2022,4.6997,0.6956,62.8,0.5267
11-Aug-2022,4.768,0.7075,63.6,0.5355
12-Aug-2022,4.7979,0.7122,63.9,0.5364
15-Aug-2022,4.791,0.7083,63.8,0.5348
16-Aug-2022,4.7774,0.7038,63.6,0.5331
17-Aug-2022,4.7557,0.7024,63.4,0.5338
18-Aug-2022,4.7056,0.6927,62.8,0.5256
19-Aug-2022,4.7062,0.6914,62.8,0.525
22-Aug-2022,4.7055,0.6892,62.9,0.5265
23-Aug-2022,4.7145,0.6877,63,0.5265
24-Aug-2022,4.7397,0.6905,63.2,0.5302
25-Aug-2022,4.7653,0.6955,63.5,0.5341
26-Aug-2022,4.7728,0.6957,63.6,0.5329
29-Aug-2022,4.7453,0.6858,63.2,0.5249
30-Aug-2022,4.7765,0.6905,63.5,0.5304
31-Aug-2022,4.7571,0.6902,63.3,0.5292
01-Sep-2022,4.717,0.6834,62.9,0.5251
02-Sep-2022,4.6872,0.679,62.6,0.5215
05-Sep-2022,4.7076,0.6785,62.8,0.5218
06-Sep-2022,4.7193,0.68,62.9,0.523
07-Sep-2022,4.6776,0.6711,62.5,0.5181
08-Sep-2022,4.6944,0.6741,62.6,0.5222
09-Sep-2022,4.7373,0.6828,63.1,0.5263
12-Sep-2022,4.7398,0.6843,63.2,0.5254
13-Sep-2022,4.7579,0.6874,63.4,0.5268
14-Sep-2022,4.6817,0.6724,62.5,0.5145
15-Sep-2022,4.7034,0.6748,62.7,0.5201
16-Sep-2022,4.7023,0.6702,62.5,0.5176
19-Sep-2022,4.6951,0.6694,62.4,0.5172
20-Sep-2022,4.7121,0.672,62.7,0.5193
21-Sep-2022,4.6968,0.6667,62.4,0.5148
23-Sep-2022,4.6995,0.6624,62.3,0.5142
26-Sep-2022,4.654,0.6497,61.9,0.5076
27-Sep-2022,4.6526,0.6501,61.8,0.5111
28-Sep-2022,4.6152,0.6386,61.2,0.5021
29-Sep-2022,4.654,0.6466,61.8,0.5104
30-Sep-2022,4.608,0.6502,61.5,0.5096
04-Oct-2022,4.6069,0.6474,61.3,0.5055
05-Oct-2022,4.6176,0.6489,61.2,0.5037
06-Oct-2022,4.6503,0.6535,61.6,0.5066
07-Oct-2022,4.5578,0.6405,60.7,0.4976
10-Oct-2022,4.506,0.6335,60.1,0.4939
11-Oct-2022,4.4961,0.625,59.8,0.4873
12-Oct-2022,4.4942,0.6271,59.8,0.4913
13-Oct-2022,4.5075,0.6275,59.9,0.4918
14-Oct-2022,4.5394,0.6327,60.3,0.4957
17-Oct-2022,4.4861,0.623,59.6,0.4881
18-Oct-2022,4.5477,0.6322,60.3,0.4952
19-Oct-2022,4.5563,0.6312,60.3,0.4936
20-Oct-2022,4.5183,0.6254,60,0.4901
21-Oct-2022,4.5397,0.6265,60.2,0.4907
24-Oct-2022,4.6021,0.6346,60.8,0.4986
25-Oct-2022,4.6211,0.6325,60.8,0.4952
26-Oct-2022,4.6661,0.6403,61.3,0.501
27-Oct-2022,4.6996,0.6511,61.8,0.5045
28-Oct-2022,4.6751,0.6469,61.5,0.5013
31-Oct-2022,4.6649,0.642,61.3,0.4995
01-Nov-2022,4.6923,0.6423,61.5,0.5005
02-Nov-2022,4.6645,0.6412,61.3,0.4987
03-Nov-2022,4.6526,0.6369,61,0.4963
04-Nov-2022,4.599,0.6348,60.7,0.4986
07-Nov-2022,4.6378,0.643,61.2,0.503
08-Nov-2022,4.6813,0.6464,61.4,0.5021
09-Nov-2022,4.7103,0.65,61.6,0.5047
10-Nov-2022,4.6601,0.6419,61,0.4975
11-Nov-2022,4.7447,0.6621,61.9,0.5152
14-Nov-2022,4.7133,0.6682,61.8,0.5104
15-Nov-2022,4.7194,0.6696,62,0.5116
16-Nov-2022,4.7801,0.6744,62.5,0.5125
17-Nov-2022,4.7856,0.6708,62.4,0.51
18-Nov-2022,4.7785,0.6704,62.3,0.5115
21-Nov-2022,4.7578,0.6645,62,0.5063
22-Nov-2022,4.7376,0.6624,61.9,0.5079
23-Nov-2022,4.751,0.6639,62,0.5079
24-Nov-2022,4.829,0.6767,62.7,0.517
25-Nov-2022,4.8504,0.6775,62.7,0.5176
28-Nov-2022,4.8196,0.6693,62.3,0.5113
29-Nov-2022,4.8028,0.6706,62.2,0.5091
30-Nov-2022,4.7835,0.6698,62.1,0.5097
01-Dec-2022,4.8105,0.6809,62.5,0.5178
02-Dec-2022,4.8057,0.6813,62.3,0.5158
05-Dec-2022,4.7581,0.6841,62,0.515
06-Dec-2022,4.6978,0.6731,61.5,0.506
07-Dec-2022,4.673,0.6692,61.2,0.5046
08-Dec-2022,4.6843,0.6716,61.3,0.5073
09-Dec-2022,4.7268,0.6792,61.8,0.5125
12-Dec-2022,4.7307,0.6779,61.9,0.5101
13-Dec-2022,4.715,0.6755,61.7,0.5086
14-Dec-2022,4.7584,0.6837,62.1,0.5154
15-Dec-2022,4.7497,0.6824,62,0.5116
16-Dec-2022,4.6761,0.6706,61.2,0.5039
19-Dec-2022,4.6876,0.6713,61.2,0.5048
20-Dec-2022,4.6521,0.6659,60.6,0.5009
21-Dec-2022,4.6451,0.6664,60.5,0.4997
22-Dec-2022,4.7172,0.6761,61.3,0.5075
23-Dec-2022,4.6697,0.668,60.8,0.5017
28-Dec-2022,4.7013,0.6741,61.3,0.5065
29-Dec-2022,4.7079,0.6751,61.3,0.5073
30-Dec-2022,4.7141,0.6775,61.4,0.5091
03-Jan-2023,4.6994,0.6828,61.4,0.5131
04-Jan-2023,4.6906,0.6809,61.5,0.512
05-Jan-2023,4.6916,0.6815,61.5,0.5106
06-Jan-2023,4.6378,0.6769,61.2,0.5077
09-Jan-2023,4.7029,0.6929,62,0.5224
10-Jan-2023,4.675,0.6904,61.7,0.5156
11-Jan-2023,4.6803,0.6911,61.7,0.5152
12-Jan-2023,4.678,0.6923,61.7,0.5161
13-Jan-2023,4.6815,0.6955,61.7,0.5174
16-Jan-2023,4.682,0.6988,61.7,0.5182
17-Jan-2023,4.7156,0.6973,61.9,0.5171
18-Jan-2023,4.743,0.6994,62.3,0.5185
19-Jan-2023,4.6743,0.6904,61.2,0.5115
20-Jan-2023,4.6963,0.6918,61.4,0.5128
23-Jan-2023,4.7376,0.6983,61.9,0.5179
24-Jan-2023,4.7715,0.7033,62.4,0.5209
25-Jan-2023,4.8184,0.7102,63,0.5263
27-Jan-2023,4.8217,0.7107,63,0.5254
30-Jan-2023,4.7864,0.7092,62.7,0.5249
31-Jan-2023,4.7547,0.7037,62.4,0.5206
01-Feb-2023,4.7705,0.7068,62.6,0.5242
02-Feb-2023,4.7982,0.715,62.9,0.529
03-Feb-2023,4.7636,0.7062,62.4,0.5203
06-Feb-2023,4.7062,0.6943,61.9,0.5129
07-Feb-2023,4.7032,0.6931,62,0.5166
08-Feb-2023,4.7208,0.6964,62.2,0.5202
09-Feb-2023,4.7204,0.6954,62.2,0.5182
10-Feb-2023,4.7125,0.6923,62,0.5153
13-Feb-2023,4.7195,0.6908,62.1,0.5155
14-Feb-2023,4.7534,0.6975,62.5,0.5217
15-Feb-2023,4.7482,0.6937,62.5,0.517
16-Feb-2023,4.7411,0.6922,62.4,0.5176
17-Feb-2023,4.7064,0.6843,62,0.512
20-Feb-2023,4.7309,0.6892,62.3,0.5178
21-Feb-2023,4.7384,0.6896,62.4,0.5181
22-Feb-2023,4.7141,0.6839,62,0.5127
23-Feb-2023,4.7007,0.683,61.9,0.5127
24-Feb-2023,4.7208,0.6814,62,0.5121
27-Feb-2023,4.6775,0.6711,61.4,0.5054
28-Feb-2023,4.669,0.673,61.4,0.5074
01-Mar-2023,4.6666,0.675,61.6,0.508
02-Mar-2023,4.6506,0.6746,61.4,0.5057
03-Mar-2023,4.6569,0.6744,61.4,0.5071
06-Mar-2023,4.6694,0.6756,61.4,0.508
07-Mar-2023,4.6561,0.6713,61.1,0.5048
08-Mar-2023,4.5964,0.6591,60.5,0.4954
09-Mar-2023,4.6061,0.661,60.5,0.4995
10-Mar-2023,4.5963,0.6599,60.4,0.4977
13-Mar-2023,4.5854,0.6665,60.3,0.5022
14-Mar-2023,4.5694,0.6649,60.2,0.4977
15-Mar-2023,4.607,0.6692,60.6,0.5004
16-Mar-2023,4.5807,0.6637,60.2,0.4986
17-Mar-2023,4.6094,0.6714,60.7,0.5037
20-Mar-2023,4.6129,0.6683,60.5,0.5008
21-Mar-2023,4.6051,0.6691,60.4,0.4994
22-Mar-2023,4.6106,0.6695,60.5,0.499
23-Mar-2023,4.6046,0.6741,60.4,0.5023
24-Mar-2023,4.5769,0.6687,60,0.4962
27-Mar-2023,4.5745,0.665,59.9,0.4957
28-Mar-2023,4.6037,0.6689,60.2,0.4985
29-Mar-2023,4.6158,0.6703,60.3,0.4985
30-Mar-2023,4.6074,0.6687,60.3,0.497
31-Mar-2023,4.6051,0.6712,60.3,0.4988
03-Apr-2023,4.5912,0.6663,60.2,0.4953
04-Apr-2023,4.657,0.6765,61,0.503
05-Apr-2023,4.6339,0.6736,60.5,0.4996
06-Apr-2023,4.6061,0.6694,60.2,0.4959
11-Apr-2023,4.5966,0.6677,60.2,0.4954
12-Apr-2023,4.594,0.6671,60.2,0.4949
13-Apr-2023,4.6068,0.6701,60.3,0.4974
14-Apr-2023,4.6385,0.6783,60.7,0.5018
17-Apr-2023,4.6141,0.6715,60.5,0.4957
18-Apr-2023,4.6265,0.6733,60.8,0.499
19-Apr-2023,4.6304,0.6727,60.7,0.4986
20-Apr-2023,4.6256,0.6715,60.7,0.4988
21-Apr-2023,4.6201,0.6708,60.6,0.4974
24-Apr-2023,4.6062,0.6676,60.4,0.4952
26-Apr-2023,4.5739,0.6609,59.8,0.4897
27-Apr-2023,4.5836,0.6627,59.9,0.4904
28-Apr-2023,4.5709,0.661,59.8,0.4892
01-May-2023,4.5893,0.6639,60.2,0.4929
02-May-2023,4.6349,0.6705,60.8,0.4975
03-May-2023,4.6066,0.6664,60.3,0.4956
04-May-2023,4.6174,0.669,60.3,0.4957
05-May-2023,4.655,0.6735,60.7,0.4981
08-May-2023,4.6857,0.6775,61.1,0.5014
09-May-2023,4.6925,0.6778,61.2,0.5014
10-May-2023,4.6872,0.6764,61.1,0.5013
11-May-2023,4.6965,0.6775,61.2,0.5027
12-May-2023,4.6473,0.669,60.6,0.4968
15-May-2023,4.6487,0.6682,60.7,0.4968
16-May-2023,4.6474,0.6674,60.7,0.4971
17-May-2023,4.6459,0.6639,60.6,0.4942
18-May-2023,4.6621,0.6647,60.7,0.4966
19-May-2023,4.6697,0.6634,60.8,0.4964
22-May-2023,4.6647,0.664,60.7,0.497
23-May-2023,4.69,0.665,60.9,0.4974
24-May-2023,4.6467,0.6598,60.4,0.4947
25-May-2023,4.6137,0.6527,60,0.4897
26-May-2023,4.5979,0.6515,59.9,0.4897
29-May-2023,4.6249,0.6547,60.2,0.4917
30-May-2023,4.6185,0.6509,60.1,0.4888
31-May-2023,4.6096,0.6495,59.8,0.488
01-Jun-2023,4.6264,0.6511,60,0.4905
02-Jun-2023,4.6757,0.6612,60.6,0.4972
05-Jun-2023,4.6967,0.6607,60.8,0.4952
06-Jun-2023,4.7373,0.6661,61.3,0.5015
07-Jun-2023,4.7557,0.6678,61.5,0.5025
08-Jun-2023,4.7523,0.6662,61.4,0.5008
09-Jun-2023,4.7778,0.6708,61.6,0.5043
13-Jun-2023,4.8441,0.6761,62.2,0.5073
14-Jun-2023,4.8501,0.6767,62.3,0.5075
15-Jun-2023,4.878,0.6821,62.8,0.5114
16-Jun-2023,4.9088,0.6888,63.1,0.5161
19-Jun-2023,4.9071,0.6865,63,0.512
20-Jun-2023,4.8816,0.6803,62.6,0.5074
21-Jun-2023,4.8798,0.6783,62.6,0.5069
22-Jun-2023,4.8569,0.6765,62.3,0.5061
23-Jun-2023,4.808,0.6697,61.9,0.4995
26-Jun-2023,4.8202,0.6679,61.8,0.5009
27-Jun-2023,4.8406,0.6712,62.1,0.503
28-Jun-2023,4.804,0.6646,61.6,0.4973
29-Jun-2023,4.7944,0.6614,61.5,0.4954
30-Jun-2023,4.8079,0.663,61.7,0.4971
03-Jul-2023,4.8307,0.6664,61.9,0.501
04-Jul-2023,4.813,0.6653,61.7,0.5002
05-Jul-2023,4.8384,0.6688,62,0.5028
06-Jul-2023,4.8284,0.6661,61.8,0.5
07-Jul-2023,4.8041,0.6635,61.6,0.4976
10-Jul-2023,4.8199,0.6657,61.7,0.4989
11-Jul-2023,4.8133,0.6682,61.6,0.4996
12-Jul-2023,4.8253,0.6709,61.7,0.4998
13-Jul-2023,4.8839,0.6808,62.3,0.5067
14-Jul-2023,4.9105,0.6889,62.6,0.5096
17-Jul-2023,4.8873,0.6814,62.1,0.5031
18-Jul-2023,4.8926,0.6821,62.1,0.5037
19-Jul-2023,4.896,0.6794,62.1,0.5013
20-Jul-2023,4.9002,0.6828,62.3,0.5057
21-Jul-2023,4.859,0.6775,62.1,0.5015
24-Jul-2023,4.8482,0.6736,61.9,0.5005
25-Jul-2023,4.835,0.6768,62,0.5033
26-Jul-2023,4.8402,0.6763,62,0.5033
27-Jul-2023,4.8488,0.6793,62.1,0.5046
28-Jul-2023,4.7695,0.6669,61.1,0.4944
31-Jul-2023,4.777,0.6682,61.3,0.4975
01-Aug-2023,4.7823,0.6673,61.4,0.4969
02-Aug-2023,4.7267,0.6581,60.7,0.4912
03-Aug-2023,4.6998,0.6538,60.4,0.4883
04-Aug-2023,4.7192,0.6573,60.7,0.4919
08-Aug-2023,4.7104,0.6531,60.5,0.488
09-Aug-2023,4.7249,0.6556,60.7,0.4907
10-Aug-2023,4.7205,0.6545,60.7,0.4894
11-Aug-2023,4.7148,0.6522,60.6,0.4869
14-Aug-2023,4.6988,0.6475,60.4,0.4845
15-Aug-2023,4.7396,0.6512,60.8,0.4883
16-Aug-2023,4.7073,0.6451,60.4,0.4842
17-Aug-2023,4.6708,0.6385,59.9,0.4794
18-Aug-2023,4.6642,0.6407,59.9,0.4815
21-Aug-2023,4.6775,0.64,59.9,0.4812
22-Aug-2023,4.6772,0.6417,60.1,0.482
23-Aug-2023,4.6913,0.6441,60.3,0.4839
24-Aug-2023,4.7121,0.6479,60.4,0.4882
25-Aug-2023,4.6734,0.6417,60.1,0.4825
28-Aug-2023,4.6868,0.6431,60.2,0.4847
29-Aug-2023,4.6986,0.6446,60.3,0.486
30-Aug-2023,4.7209,0.6475,60.6,0.4883
31-Aug-2023,4.7267,0.6485,60.6,0.4875
01-Sep-2023,4.6985,0.6471,60.4,0.4866
04-Sep-2023,4.7026,0.6474,60.5,0.4868
05-Sep-2023,4.6681,0.6401,60,0.4813
06-Sep-2023,4.6771,0.6403,60.1,0.4841
07-Sep-2023,4.674,0.638,60.1,0.4823
08-Sep-2023,4.7046,0.6407,60.3,0.4853
11-Sep-2023,4.6892,0.6437,60.4,0.4877
12-Sep-2023,4.6832,0.6425,60.3,0.4859
13-Sep-2023,4.6653,0.6409,60.2,0.485
14-Sep-2023,4.6851,0.6441,60.4,0.487
15-Sep-2023,4.6985,0.6467,60.7,0.489
18-Sep-2023,4.6967,0.6445,60.6,0.4887
19-Sep-2023,4.6928,0.6431,60.5,0.4876
20-Sep-2023,4.7092,0.6452,60.8,0.4888
21-Sep-2023,4.6754,0.6403,60.4,0.4852
22-Sep-2023,4.6922,0.6425,60.6,0.488
25-Sep-2023,4.6897,0.6418,60.6,0.4877
26-Sep-2023,4.6886,0.6414,60.7,0.4875
27-Sep-2023,4.6599,0.6379,60.4,0.4857
28-Sep-2023,4.6606,0.6377,60.4,0.4863
29-Sep-2023,4.713,0.6458,61.1,0.4925
03-Oct-2023,4.6094,0.6316,59.9,0.4818
04-Oct-2023,4.6131,0.6321,60,0.4836
05-Oct-2023,4.6503,0.6372,60.3,0.4867
06-Oct-2023,4.6474,0.6368,60.3,0.4861
09-Oct-2023,4.6337,0.635,60.1,0.4839
10-Oct-2023,4.6721,0.6411,60.6,0.4886
11-Oct-2023,4.6837,0.6421,60.6,0.4886
12-Oct-2023,4.6885,0.6423,60.6,0.4885
13-Oct-2023,4.6153,0.6317,59.8,0.4803
16-Oct-2023,4.6214,0.6323,59.9,0.4827
17-Oct-2023,4.6473,0.6355,60.2,0.485
18-Oct-2023,4.6598,0.6379,60.4,0.4865
19-Oct-2023,4.6113,0.6303,59.9,0.4807
20-Oct-2023,4.6216,0.6316,59.9,0.482
23-Oct-2023,4.6181,0.6311,59.9,0.4812
24-Oct-2023,4.6443,0.6359,60.2,0.4845
25-Oct-2023,4.6695,0.6386,60.5,0.486
26-Oct-2023,4.5942,0.6278,59.7,0.4788
27-Oct-2023,4.6427,0.6345,60.2,0.4846
30-Oct-2023,4.6491,0.6353,60.3,0.4849
31-Oct-2023,4.6436,0.6346,60.2,0.4838
01-Nov-2023,4.6345,0.6332,60.2,0.4819
02-Nov-2023,4.701,0.6424,60.9,0.4907
03-Nov-2023,4.7048,0.6433,60.8,0.4896
06-Nov-2023,4.7396,0.651,61.1,0.4952
07-Nov-2023,4.6869,0.6439,60.6,0.4873
08-Nov-2023,4.6841,0.644,60.6,0.4891
09-Nov-2023,4.6732,0.6416,60.4,0.4874
10-Nov-2023,4.6386,0.6361,60.1,0.4832
13-Nov-2023,4.6408,0.636,60.1,0.4836
14-Nov-2023,4.6475,0.6372,60.3,0.4842
15-Nov-2023,4.7044,0.65,60.9,0.4934
16-Nov-2023,4.6979,0.6471,60.8,0.4878
17-Nov-2023,4.686,0.6468,60.6,0.4883
20-Nov-2023,4.7013,0.655,61,0.4936
21-Nov-2023,4.6916,0.6577,60.9,0.4941
22-Nov-2023,4.6789,0.6555,60.9,0.4916
23-Nov-2023,4.6824,0.6554,61,0.4925
24-Nov-2023,4.6925,0.6563,61.1,0.4931
27-Nov-2023,4.7035,0.6575,61.2,0.494
28-Nov-2023,4.7365,0.6623,61.5,0.4966
29-Nov-2023,4.7355,0.665,61.4,0.4987
30-Nov-2023,4.7378,0.6648,61.5,0.4974
01-Dec-2023,4.7192,0.6611,61.4,0.4958
04-Dec-2023,4.7503,0.6656,61.7,0.4996
05-Dec-2023,4.704,0.6584,61.2,0.4941
06-Dec-2023,4.7107,0.6581,61.2,0.4949
07-Dec-2023,4.6754,0.6529,60.8,0.4918
08-Dec-2023,4.7354,0.6618,61.3,0.4981
11-Dec-2023,4.7111,0.6555,61,0.4931
12-Dec-2023,4.7302,0.6591,61.3,0.4966
13-Dec-2023,4.7084,0.6555,61.1,0.4932
14-Dec-2023,4.7879,0.6712,61.9,0.5055
15-Dec-2023,4.773,0.6717,61.7,0.5018
18-Dec-2023,4.7866,0.6714,61.9,0.5007
19-Dec-2023,4.8028,0.6724,62.1,0.5031
20-Dec-2023,4.8334,0.6775,62.5,0.5069
21-Dec-2023,4.8226,0.6748,62.3,0.5048
22-Dec-2023,4.8481,0.6782,62.5,0.5065
27-Dec-2023,4.887,0.6837,62.9,0.5096
28-Dec-2023,4.8709,0.6842,62.6,0.5099
29-Dec-2023,4.8544,0.684,62.6,0.5098
02-Jan-2024,4.8595,0.682,62.6,0.5083
03-Jan-2024,4.8335,0.6763,62.3,0.505
04-Jan-2024,4.8218,0.6738,62.2,0.5043
05-Jan-2024,4.8012,0.6698,62,0.5011
08-Jan-2024,4.7947,0.6699,62,0.502
09-Jan-2024,4.8103,0.6719,62.1,0.5029
10-Jan-2024,4.809,0.6703,62.1,0.5017
11-Jan-2024,4.8129,0.672,62.2,0.503
12-Jan-2024,4.8023,0.6704,62,0.5012
15-Jan-2024,4.7986,0.6693,62,0.501
16-Jan-2024,4.7523,0.6615,61.5,0.4951
17-Jan-2024,4.7281,0.6571,61.4,0.4934
18-Jan-2024,4.7193,0.6558,61.3,0.4928
19-Jan-2024,4.7341,0.6579,61.5,0.4942
22-Jan-2024,4.745,0.6594,61.5,0.4953
23-Jan-2024,4.7326,0.6602,61.6,0.4958
24-Jan-2024,4.7176,0.6575,61.4,0.4939
25-Jan-2024,4.7093,0.6575,61.3,0.4932
29-Jan-2024,4.7334,0.659,61.5,0.4948
30-Jan-2024,4.7441,0.6609,61.6,0.4972
31-Jan-2024,4.7211,0.6574,61.4,0.4942
01-Feb-2024,4.704,0.6553,61.1,0.4927
02-Feb-2024,4.7363,0.6597,61.4,0.4964
05-Feb-2024,4.6841,0.6508,60.9,0.4883
06-Feb-2024,4.6866,0.6515,60.9,0.4918
07-Feb-2024,4.6936,0.6529,61,0.4931
08-Feb-2024,4.693,0.6523,61,0.4918
09-Feb-2024,4.6721,0.6492,60.8,0.49
12-Feb-2024,4.6908,0.6518,61,0.4918
13-Feb-2024,4.6894,0.6516,61,0.4916
14-Feb-2024,4.6519,0.6464,60.7,0.4875
15-Feb-2024,4.6671,0.6485,60.8,0.4908
16-Feb-2024,4.6908,0.6518,61.1,0.4928
19-Feb-2024,4.7093,0.6544,61.3,0.494
20-Feb-2024,4.7008,0.6531,61.3,0.493
21-Feb-2024,4.7167,0.6568,61.5,0.4954
22-Feb-2024,4.7182,0.6559,61.4,0.4946
23-Feb-2024,4.7292,0.6572,61.5,0.4946
26-Feb-2024,4.7197,0.6557,61.4,0.4941
27-Feb-2024,4.7104,0.6544,61.3,0.4927
28-Feb-2024,4.6931,0.6519,61.1,0.4907
29-Feb-2024,4.6907,0.6519,61.1,0.4915
01-Mar-2024,4.6851,0.651,61,0.4904
04-Mar-2024,4.6936,0.652,61.1,0.4915
05-Mar-2024,4.6802,0.6502,60.9,0.4895
06-Mar-2024,4.6896,0.6514,61,0.4905
07-Mar-2024,4.7405,0.6586,61.5,0.4953
08-Mar-2024,4.765,0.6626,61.7,0.4975
11-Mar-2024,4.7536,0.6611,61.5,0.4953
12-Mar-2024,4.7479,0.6615,61.5,0.4953
13-Mar-2024,4.7544,0.6614,61.6,0.4956
14-Mar-2024,4.7584,0.6616,61.6,0.4958
15-Mar-2024,4.7259,0.6567,61.3,0.4921
18-Mar-2024,4.7259,0.6566,61.4,0.4931
19-Mar-2024,4.7,0.6529,61.2,0.4903
20-Mar-2024,4.6982,0.6526,61.3,0.4913
21-Mar-2024,4.7684,0.6624,62,0.4991
22-Mar-2024,4.7152,0.6525,61.4,0.4905
25-Mar-2024,4.7026,0.6528,61.4,0.4931
26-Mar-2024,4.72,0.6539,61.5,0.4933
27-Mar-2024,4.7189,0.6529,61.5,0.492
28-Mar-2024,4.7193,0.6532,61.5,0.493
02-Apr-2024,4.6952,0.649,61.3,0.4903
03-Apr-2024,4.7162,0.6519,61.5,0.4934
04-Apr-2024,4.7645,0.6587,62.1,0.498
05-Apr-2024,4.7537,0.6572,62,0.4953
08-Apr-2024,4.7591,0.6579,62.1,0.4962
09-Apr-2024,4.78,0.6608,62.3,0.4985
10-Apr-2024,4.7884,0.6621,62.4,0.4988
11-Apr-2024,4.7202,0.6523,61.7,0.4914
12-Apr-2024,4.7227,0.6526,61.8,0.4944
15-Apr-2024,4.6964,0.6488,61.6,0.493
16-Apr-2024,4.6511,0.6426,61.2,0.4882
17-Apr-2024,4.6395,0.6408,61.1,0.4876
18-Apr-2024,4.6656,0.6448,61.3,0.4903
19-Apr-2024,4.6319,0.6397,60.9,0.4858
22-Apr-2024,4.6603,0.6434,61.3,0.4892
23-Apr-2024,4.6768,0.6455,61.5,0.4911
24-Apr-2024,4.7235,0.6519,62,0.4959
26-Apr-2024,4.7383,0.6539,62.3,0.4961
29-Apr-2024,4.7592,0.6569,62.6,0.4986
30-Apr-2024,4.7264,0.6525,62.2,0.4951
01-May-2024,4.6886,0.6475,61.8,0.4913
02-May-2024,4.7364,0.6541,62.3,0.4975
03-May-2024,4.7639,0.6579,62.3,0.4991
06-May-2024,4.7718,0.6613,62.6,0.5003
07-May-2024,4.7634,0.66,62.5,0.499
08-May-2024,4.7533,0.6579,62.4,0.4979
09-May-2024,4.7522,0.6577,62.5,0.4983
10-May-2024,4.7755,0.661,62.7,0.5013
13-May-2024,4.7717,0.6596,62.6,0.4994
14-May-2024,4.7769,0.66,62.7,0.4998
15-May-2024,4.8019,0.6648,63,0.5033
16-May-2024,4.8196,0.6679,63,0.5047
17-May-2024,4.819,0.6673,63.1,0.5031
20-May-2024,4.8471,0.6704,63.4,0.5064
21-May-2024,4.8181,0.6658,63.1,0.5023
22-May-2024,4.8312,0.6674,63.2,0.5037
23-May-2024,4.7965,0.6621,62.8,0.5002
24-May-2024,4.7816,0.66,62.7,0.4986
27-May-2024,4.8065,0.6634,62.9,0.5013
28-May-2024,4.8312,0.6667,63.1,0.5038
29-May-2024,4.8183,0.6647,63.1,0.5016
30-May-2024,4.7823,0.6597,62.7,0.4985
31-May-2024,4.8068,0.6637,63.1,0.5018
03-Jun-2024,4.8157,0.6646,63.1,0.5022
04-Jun-2024,4.8315,0.6668,63.2,0.5039
05-Jun-2024,4.8242,0.6658,63.1,0.5021
06-Jun-2024,4.8254,0.666,63.1,0.5025
07-Jun-2024,4.8337,0.6672,63.2,0.5033
11-Jun-2024,4.7886,0.6602,62.8,0.5004
12-Jun-2024,4.8025,0.6621,63,0.5018
13-Jun-2024,4.8161,0.6642,63.1,0.5031
14-Jun-2024,4.8073,0.6626,63.1,0.5013
17-Jun-2024,4.7896,0.6601,62.9,0.5009
18-Jun-2024,4.8077,0.6626,63.1,0.5029
19-Jun-2024,4.8401,0.667,63.5,0.5063
20-Jun-2024,4.8418,0.6669,63.5,0.5062
21-Jun-2024,4.8395,0.6665,63.6,0.5059
24-Jun-2024,4.8225,0.6641,63.4,0.505
25-Jun-2024,4.8388,0.6664,63.6,0.5061
26-Jun-2024,4.8583,0.6686,63.9,0.5077
27-Jun-2024,4.8454,0.6666,63.8,0.5071
28-Jun-2024,4.8143,0.6624,63.3,0.5038
01-Jul-2024,4.8462,0.6668,63.7,0.507
02-Jul-2024,4.8324,0.6646,63.6,0.5048
03-Jul-2024,4.8535,0.6673,63.9,0.5076
04-Jul-2024,4.8843,0.6717,64.2,0.5102
05-Jul-2024,4.8939,0.6734,64.2,0.5114
08-Jul-2024,4.9024,0.6744,64.3,0.5122
09-Jul-2024,4.9042,0.6744,64.3,0.5105
10-Jul-2024,4.9067,0.6744,64.4,0.5107
11-Jul-2024,4.9155,0.6761,64.5,0.5121
12-Jul-2024,4.9189,0.6772,64.4,0.5122
15-Jul-2024,4.9189,0.6775,64.4,0.511
16-Jul-2024,4.8955,0.6738,64.1,0.5076
17-Jul-2024,4.8952,0.6736,64,0.5079
18-Jul-2024,4.889,0.6739,63.8,0.507
19-Jul-2024,4.8701,0.6701,63.7,0.5042
22-Jul-2024,4.8463,0.6663,63.4,0.5025
23-Jul-2024,4.825,0.6633,63,0.5001
24-Jul-2024,4.7974,0.6595,62.6,0.4975
25-Jul-2024,4.7413,0.6546,62,0.4938
26-Jul-2024,4.7498,0.6555,62.1,0.4933
29-Jul-2024,4.7534,0.6552,62.1,0.494
30-Jul-2024,4.761,0.6556,62.2,0.4945
31-Jul-2024,4.6958,0.6491,61.4,0.4897
01-Aug-2024,4.7253,0.6534,61.5,0.4919
02-Aug-2024,4.6944,0.6515,61.2,0.4914
06-Aug-2024,4.6549,0.6511,60.8,0.486
07-Aug-2024,4.7051,0.6551,61.3,0.4907
08-Aug-2024,4.6886,0.6552,61.1,0.4914
09-Aug-2024,4.7251,0.6592,61.5,0.4939
12-Aug-2024,4.7273,0.6582,61.5,0.4934
13-Aug-2024,4.7307,0.6594,61.6,0.4943
14-Aug-2024,4.743,0.6634,61.7,0.4972
15-Aug-2024,4.7367,0.662,61.6,0.4942
16-Aug-2024,4.7546,0.663,61.9,0.4953
19-Aug-2024,4.7688,0.6684,61.8,0.4998
20-Aug-2024,4.8021,0.6719,62.2,0.501
21-Aug-2024,4.8087,0.6742,62.3,0.5019
22-Aug-2024,4.8074,0.674,62.2,0.5009
23-Aug-2024,4.7977,0.672,62.1,0.4988
26-Aug-2024,4.8259,0.6776,62.3,0.5034
27-Aug-2024,4.8354,0.6787,62.5,0.5028
28-Aug-2024,4.8426,0.6789,62.5,0.5031
29-Aug-2024,4.8376,0.6807,62.6,0.5049
30-Aug-2024,4.8261,0.6806,62.6,0.5049
02-Sep-2024,4.8057,0.6766,62.4,0.5024
03-Sep-2024,4.8001,0.6741,62.3,0.5006
04-Sep-2024,4.7688,0.6704,61.9,0.4992
05-Sep-2024,4.7736,0.6723,61.8,0.5001
06-Sep-2024,4.7625,0.6724,61.6,0.4988
09-Sep-2024,4.7418,0.6668,61.3,0.4942
10-Sep-2024,4.7469,0.6668,61.4,0.4959
11-Sep-2024,4.736,0.6659,61.2,0.4951
12-Sep-2024,4.7649,0.6693,61.6,0.4971
13-Sep-2024,4.7738,0.6722,61.6,0.5
16-Sep-2024,4.7743,0.6727,61.5,0.4985
17-Sep-2024,4.7892,0.6748,61.7,0.4993
18-Sep-2024,4.7979,0.6761,61.9,0.5002
19-Sep-2024,4.8076,0.6801,62.2,0.5033
20-Sep-2024,4.803,0.6818,62.2,0.5039
23-Sep-2024,4.8111,0.6828,62.4,0.5051
24-Sep-2024,4.8123,0.6839,62.5,0.5064
25-Sep-2024,4.8281,0.688,62.6,0.5089
26-Sep-2024,4.8164,0.6863,62.6,0.5068
27-Sep-2024,4.824,0.6878,62.7,0.5081
30-Sep-2024,4.8613,0.6932,62.8,0.5116
01-Oct-2024,4.8626,0.6928,63.1,0.5108
02-Oct-2024,4.8289,0.688,62.7,0.5095
03-Oct-2024,4.8183,0.6865,62.9,0.5091
04-Oct-2024,4.8064,0.6848,62.8,0.5093
08-Oct-2024,4.7577,0.6739,62.2,0.503
09-Oct-2024,4.7675,0.6746,62.3,0.5028
10-Oct-2024,4.7617,0.6739,62.4,0.503
11-Oct-2024,4.7691,0.6744,62.4,0.5039
14-Oct-2024,4.7674,0.6738,62.4,0.5035
15-Oct-2024,4.7743,0.6711,62.4,0.5015
16-Oct-2024,4.7614,0.6691,62.1,0.5009
17-Oct-2024,4.7657,0.6691,62.2,0.5013
18-Oct-2024,4.7716,0.6702,62.4,0.5026
21-Oct-2024,4.7633,0.6705,62.3,0.5029
22-Oct-2024,4.7638,0.6687,62.4,0.5017
23-Oct-2024,4.7605,0.6677,62.4,0.5016
24-Oct-2024,4.7273,0.6648,62.1,0.5007
25-Oct-2024,4.7174,0.6621,61.9,0.498
28-Oct-2024,4.7016,0.6591,61.8,0.4954
29-Oct-2024,4.6869,0.6565,61.5,0.4938
30-Oct-2024,4.6692,0.6543,61.3,0.4927
31-Oct-2024,4.6774,0.6569,61.5,0.4941
01-Nov-2024,4.6836,0.6576,61.5,0.4939
04-Nov-2024,4.685,0.6609,61.6,0.4965
05-Nov-2024,4.6861,0.6594,61.6,0.494
06-Nov-2024,4.6828,0.6543,61.5,0.4905
07-Nov-2024,4.7503,0.6622,62.4,0.5008
08-Nov-2024,4.7586,0.6654,62.4,0.5021
11-Nov-2024,4.7392,0.6594,62.1,0.4967
12-Nov-2024,4.7402,0.6555,62,0.4963
13-Nov-2024,4.722,0.6537,61.9,0.496
14-Nov-2024,4.686,0.6471,61.6,0.491
15-Nov-2024,4.6772,0.6466,61.5,0.4929
18-Nov-2024,4.6833,0.6472,61.4,0.4923
19-Nov-2024,4.707,0.6508,61.7,0.4958
20-Nov-2024,4.7274,0.6528,61.9,0.4967
21-Nov-2024,4.7197,0.6517,61.9,0.4963
22-Nov-2024,4.7127,0.6504,61.8,0.4956
25-Nov-2024,4.7272,0.6525,62,0.4992
26-Nov-2024,4.7102,0.6493,61.7,0.4955
27-Nov-2024,4.6998,0.6476,61.5,0.4937
28-Nov-2024,4.7052,0.6492,61.4,0.4941
29-Nov-2024,4.7132,0.6517,61.5,0.496
02-Dec-2024,4.721,0.6496,61.5,0.4944
03-Dec-2024,4.7171,0.6469,61.4,0.492
04-Dec-2024,4.6837,0.6438,61,0.4898
05-Dec-2024,4.6775,0.6433,60.9,0.4897
06-Dec-2024,4.6657,0.643,60.8,0.4887
09-Dec-2024,4.6458,0.6382,60.5,0.4843
10-Dec-2024,4.6287,0.6385,60.5,0.4848
11-Dec-2024,4.6204,0.6374,60.4,0.4847
12-Dec-2024,4.6601,0.6417,60.9,0.4886
13-Dec-2024,4.6332,0.6367,60.6,0.4848
16-Dec-2024,4.6419,0.6377,60.8,0.4864
17-Dec-2024,4.6302,0.6356,60.6,0.4849
18-Dec-2024,4.5991,0.6313,60.2,0.4814
19-Dec-2024,4.5443,0.6226,59.7,0.4746
20-Dec-2024,4.5442,0.6226,59.9,0.4771
23-Dec-2024,4.5679,0.6259,60,0.48
24-Dec-2024,4.5546,0.624,59.9,0.4785
27-Dec-2024,4.5326,0.6211,59.7,0.4763
30-Dec-2024,4.5554,0.6241,60,0.4786
31-Dec-2024,4.5373,0.6217,59.7,0.4767
02-Jan-2025,4.538,0.6217,59.8,0.4767
03-Jan-2025,4.5374,0.6216,59.9,0.4782
06-Jan-2025,4.5605,0.6223,60.1,0.4792
07-Jan-2025,4.5864,0.6259,60.3,0.4797
08-Jan-2025,4.5676,0.623,60.1,0.4778
09-Jan-2025,4.5449,0.6199,59.8,0.4778
10-Jan-2025,4.5414,0.6194,59.8,0.4774
13-Jan-2025,4.4965,0.6133,59.4,0.4727
14-Jan-2025,4.5368,0.6189,59.8,0.479
15-Jan-2025,4.5421,0.6195,59.9,0.4784
16-Jan-2025,4.55,0.6206,59.9,0.4782
17-Jan-2025,4.5431,0.62,59.8,0.4778
20-Jan-2025,4.5459,0.6214,59.9,0.4788
21-Jan-2025,4.5411,0.6249,59.9,0.4815
22-Jan-2025,4.5599,0.6265,60,0.4815
23-Jan-2025,4.5686,0.6275,60.2,0.4804
24-Jan-2025,4.5791,0.6316,60.3,0.4846
28-Jan-2025,4.53,0.6253,59.8,0.4769
29-Jan-2025,4.5185,0.6237,59.6,0.4776
30-Jan-2025,4.5098,0.6225,59.5,0.477
31-Jan-2025,4.5098,0.6225,59.6,0.4769
03-Feb-2025,4.4308,0.6116,58.9,0.4691
04-Feb-2025,4.4844,0.619,59.4,0.477
05-Feb-2025,4.5518,0.6249,59.8,0.4801
06-Feb-2025,4.5631,0.6263,59.9,0.4789
07-Feb-2025,4.5781,0.6284,60.1,0.4817
10-Feb-2025,4.5824,0.6272,60.2,0.4802
11-Feb-2025,4.585,0.6275,60.2,0.4816
12-Feb-2025,4.5972,0.629,60.4,0.4829
13-Feb-2025,4.5884,0.6296,60.3,0.4826
14-Feb-2025,4.6043,0.6321,60.4,0.4841
17-Feb-2025,4.6155,0.6369,60.6,0.486
18-Feb-2025,4.6215,0.6353,60.7,0.4848
19-Feb-2025,4.6352,0.6364,60.8,0.4855
20-Feb-2025,4.6228,0.6363,60.6,0.4861
21-Feb-2025,4.6328,0.6397,60.8,0.4879
24-Feb-2025,4.6165,0.6381,60.5,0.486
25-Feb-2025,4.6077,0.6351,60.4,0.4837
26-Feb-2025,4.5931,0.6328,60.2,0.4817
27-Feb-2025,4.5707,0.6288,59.9,0.4786
28-Feb-2025,4.5278,0.6214,59.5,0.4732
03-Mar-2025,4.5326,0.622,59.5,0.4751
04-Mar-2025,4.5063,0.6191,59.1,0.4722
05-Mar-2025,4.5384,0.625,59.5,0.4744
06-Mar-2025,4.597,0.6347,60.1,0.48
07-Mar-2025,4.5678,0.6306,59.7,0.4746
10-Mar-2025,4.5772,0.6307,59.8,0.4738
11-Mar-2025,4.5484,0.6277,59.5,0.4716
12-Mar-2025,4.551,0.6289,59.6,0.4717
13-Mar-2025,4.5657,0.631,59.7,0.4736
14-Mar-2025,4.558,0.6294,59.7,0.4729
17-Mar-2025,4.5804,0.6326,59.9,0.4748
18-Mar-2025,4.611,0.6375,60.3,0.4782
19-Mar-2025,4.6005,0.6357,60.2,0.4769
20-Mar-2025,4.5905,0.6344,60,0.4761
21-Mar-2025,4.5602,0.6289,59.7,0.4726
24-Mar-2025,4.5575,0.6278,59.6,0.4719
25-Mar-2025,4.5649,0.6287,59.8,0.4731
26-Mar-2025,4.5848,0.6311,60,0.4752
27-Mar-2025,4.5841,0.6313,60,0.4759
28-Mar-2025,4.5655,0.6284,59.8,0.4739
31-Mar-2025,4.5548,0.628,59.6,0.4738
01-Apr-2025,4.555,0.6269,59.6,0.4718
02-Apr-2025,4.5791,0.6299,59.9,0.4746
03-Apr-2025,4.5737,0.6266,59.5,0.4721
04-Apr-2025,4.5395,0.6234,58.8,0.4653
07-Apr-2025,4.3984,0.6017,57.1,0.4493
08-Apr-2025,4.4492,0.6069,57.8,0.4551
09-Apr-2025,4.3916,0.5975,56.9,0.449
10-Apr-2025,4.5514,0.6199,58.9,0.4641
11-Apr-2025,4.5375,0.6197,58.4,0.4627
14-Apr-2025,4.605,0.6303,59.1,0.4661
15-Apr-2025,4.6427,0.6352,59.6,0.4688
16-Apr-2025,4.6533,0.6353,59.5,0.4694
17-Apr-2025,4.6347,0.6341,59.4,0.4681
22-Apr-2025,4.7036,0.6437,60,0.4718
23-Apr-2025,4.6695,0.6398,59.9,0.4698
24-Apr-2025,4.6324,0.6347,59.5,0.4676
28-Apr-2025,4.6724,0.6404,60,0.4726
29-Apr-2025,4.6643,0.6413,59.9,0.4734
30-Apr-2025,4.6613,0.6416,59.9,0.4728
01-May-2025,4.6493,0.6394,59.8,0.4715
02-May-2025,4.6617,0.6411,59.9,0.4735
05-May-2025,4.7111,0.6479,60.2,0.4785
06-May-2025,4.6598,0.6453,59.9,0.4758
07-May-2025,4.6859,0.6484,60.1,0.4782
08-May-2025,4.6633,0.6445,59.9,0.4749
09-May-2025,4.6429,0.6407,59.8,0.4739
12-May-2025,4.651,0.6439,60,0.4769
13-May-2025,4.6098,0.6409,59.9,0.4776
14-May-2025,4.6693,0.6472,60.5,0.4817
15-May-2025,4.6333,0.6426,59.9,0.4757
16-May-2025,4.6335,0.6436,59.9,0.4771
19-May-2025,4.6196,0.6402,59.7,0.4745
20-May-2025,4.6319,0.6416,59.7,0.4741
21-May-2025,4.65,0.6452,59.8,0.4773
22-May-2025,4.6453,0.6448,59.8,0.4753
23-May-2025,4.6348,0.6437,59.6,0.4751
26-May-2025,4.6816,0.6527,60.1,0.4805
27-May-2025,4.6597,0.6481,59.9,0.4771
28-May-2025,4.6319,0.6436,59.6,0.474
29-May-2025,4.6227,0.6421,59.7,0.4733
30-May-2025,4.6259,0.6436,59.6,0.4751
02-Jun-2025,4.649,0.6458,59.8,0.476
03-Jun-2025,4.6511,0.6464,59.8,0.4765
04-Jun-2025,4.6443,0.6458,59.8,0.4747
05-Jun-2025,4.6611,0.649,59.9,0.4771
06-Jun-2025,4.6692,0.6501,60,0.4783
10-Jun-2025,4.6757,0.6505,60.1,0.4779
11-Jun-2025,4.6834,0.6518,60.3,0.4789
12-Jun-2025,4.6696,0.6504,59.9,0.4781
13-Jun-2025,4.6503,0.6475,59.8,0.4732
16-Jun-2025,4.6678,0.6499,59.9,0.4766
17-Jun-2025,4.6901,0.6531,60.3,0.4777
18-Jun-2025,4.6737,0.6504,60.1,0.476
19-Jun-2025,4.6494,0.6466,59.9,0.4747
20-Jun-2025,4.6622,0.6492,60.1,0.4766
23-Jun-2025,4.6078,0.6412,59.6,0.4702
24-Jun-2025,4.6641,0.6498,60,0.4783
25-Jun-2025,4.6602,0.65,59.9,0.4753
26-Jun-2025,4.6776,0.6528,60,0.4774
27-Jun-2025,4.6913,0.6543,60.2,0.4763
30-Jun-2025,4.6921,0.655,60.1,0.4769
01-Jul-2025,4.7128,0.6579,60.4,0.4788
02-Jul-2025,4.7136,0.6577,60.4,0.477
03-Jul-2025,4.708,0.6572,60.3,0.4777
04-Jul-2025,4.7076,0.6571,60.3,0.4774
07-Jul-2025,4.6686,0.651,59.9,0.473
08-Jul-2025,4.6896,0.6539,60.3,0.4766
09-Jul-2025,4.6912,0.6534,60.3,0.4765
10-Jul-2025,4.7005,0.6549,60.4,0.4779
11-Jul-2025,4.7169,0.658,60.7,0.4797
14-Jul-2025,4.7046,0.6561,60.6,0.479
15-Jul-2025,4.7024,0.6555,60.6,0.4788
16-Jul-2025,4.6874,0.6528,60.5,0.4772
17-Jul-2025,4.6574,0.6488,60.1,0.4756
18-Jul-2025,4.6693,0.6502,60.3,0.4771
21-Jul-2025,4.6752,0.6514,60.4,0.477
22-Jul-2025,4.6714,0.6513,60.3,0.4766
23-Jul-2025,4.7046,0.6568,60.6,0.4798
24-Jul-2025,4.7358,0.6621,60.9,0.4828
25-Jul-2025,4.7134,0.6581,60.7,0.4796
28-Jul-2025,4.7057,0.6564,60.7,0.4792
29-Jul-2025,4.6827,0.6525,60.5,0.4776
30-Jul-2025,4.6731,0.6511,60.4,0.4779
31-Jul-2025,4.6532,0.6469,60.3,0.4752
01-Aug-2025,4.6385,0.6435,60.1,0.475
05-Aug-2025,4.6404,0.6459,60,0.474
06-Aug-2025,4.664,0.6487,60.3,0.4766
07-Aug-2025,4.6786,0.6517,60.4,0.4779
08-Aug-2025,4.6827,0.6519,60.4,0.4768
11-Aug-2025,4.6867,0.6526,60.5,0.4778
12-Aug-2025,4.6727,0.6498,60.3,0.4757
13-Aug-2025,4.6902,0.6532,60.5,0.4787
14-Aug-2025,4.6973,0.6549,60.5,0.4779
15-Aug-2025,4.671,0.6505,60.3,0.4748
18-Aug-2025,4.6813,0.652,60.4,0.4762
19-Aug-2025,4.6539,0.6479,60.1,0.4734
20-Aug-2025,4.6335,0.645,59.9,0.4713
21-Aug-2025,4.6095,0.6426,59.6,0.4701
22-Aug-2025,4.6102,0.6417,59.7,0.4695
25-Aug-2025,4.6467,0.6494,60.1,0.4763
26-Aug-2025,4.6368,0.6482,60.1,0.4733
27-Aug-2025,4.6446,0.6487,60.2,0.4745
28-Aug-2025,4.6554,0.651,60.3,0.4774
29-Aug-2025,4.6626,0.6538,60.5,0.4774
01-Sep-2025,4.6667,0.6544,60.6,0.4782
02-Sep-2025,4.6702,0.6538,60.6,0.4777
03-Sep-2025,4.6552,0.6514,60.5,0.477
04-Sep-2025,4.6597,0.6525,60.6,0.4776
05-Sep-2025,4.6647,0.6537,60.6,0.4782
08-Sep-2025,4.6843,0.6566,60.8,0.4796
09-Sep-2025,4.7112,0.6614,61,0.4824
10-Sep-2025,4.7084,0.661,61.1,0.4812
11-Sep-2025,4.7032,0.6604,61.1,0.4818
12-Sep-2025,4.741,0.6658,61.5,0.4862
15-Sep-2025,4.7439,0.6661,61.5,0.4856
16-Sep-2025,4.744,0.6667,61.5,0.4856
17-Sep-2025,4.747,0.6678,61.5,0.4854
18-Sep-2025,4.7098,0.6624,61.1,0.4808
19-Sep-2025,4.6912,0.6596,61,0.479
22-Sep-2025,4.6901,0.6593,61,0.4804
23-Sep-2025,4.6872,0.6589,60.9,0.4799
24-Sep-2025,4.7148,0.6625,61.3,0.4822
25-Sep-2025,4.6985,0.6595,61.2,0.481
26-Sep-2025,4.6656,0.654,60.9,0.4772
29-Sep-2025,4.6789,0.6571,61,0.4812
30-Sep-2025,4.7035,0.6602,61.3,0.4821
01-Oct-2025,4.7015,0.6601,61.2,0.4815
02-Oct-2025,4.7143,0.6619,61.3,0.4828
03-Oct-2025,4.6944,0.6591,61.2,0.4803
07-Oct-2025,4.7093,0.6612,61.4,0.4841
08-Oct-2025,4.6751,0.6564,61.2,0.4805
09-Oct-2025,4.7087,0.6608,61.6,0.4847
10-Oct-2025,4.6795,0.6568,61.3,0.4819
13-Oct-2025,4.6524,0.6524,60.9,0.4796
14-Oct-2025,4.6248,0.648,60.5,0.4763
15-Oct-2025,4.6438,0.6516,60.8,0.4793
16-Oct-2025,4.6265,0.6492,60.5,0.4761
17-Oct-2025,4.6121,0.6475,60.2,0.4742
20-Oct-2025,4.6328,0.6503,60.5,0.4755
21-Oct-2025,4.6297,0.6504,60.6,0.4762
22-Oct-2025,4.6309,0.6501,60.7,0.4768
23-Oct-2025,4.6204,0.6486,60.6,0.4763
24-Oct-2025,4.6321,0.6502,60.8,0.4776
27-Oct-2025,4.6472,0.6533,61,0.4797
28-Oct-2025,4.66,0.6564,61.1,0.4811
29-Oct-2025,4.6837,0.6596,61.5,0.4833
30-Oct-2025,4.6807,0.6595,61.5,0.4837
31-Oct-2025,4.6578,0.6551,61.2,0.4817
03-Nov-2025,4.6636,0.6554,61.3,0.4825
04-Nov-2025,4.6542,0.6532,61.2,0.4816
05-Nov-2025,4.6279,0.6492,60.9,0.4791
06-Nov-2025,4.641,0.6514,61.1,0.4809
07-Nov-2025,4.6123,0.6476,60.7,0.4775
10-Nov-2025,4.6457,0.6525,61.1,0.4804
11-Nov-2025,4.6468,0.6524,61.2,0.4802
12-Nov-2025,4.6426,0.6521,61.2,0.4799
13-Nov-2025,4.6571,0.6557,61.4,0.4827
14-Nov-2025,4.6342,0.6533,61.1,0.4803
17-Nov-2025,4.6346,0.6523,61.1,0.4794
18-Nov-2025,4.6091,0.6481,60.8,0.4765
19-Nov-2025,4.61,0.6484,60.8,0.4773
20-Nov-2025,4.6161,0.6487,61,0.4776
21-Nov-2025,4.5847,0.6446,60.6,0.476
24-Nov-2025,4.5927,0.6461,60.8,0.4771
25-Nov-2025,4.5792,0.6454,60.7,0.4759
26-Nov-2025,4.6055,0.6503,60.9,0.4795
27-Nov-2025,4.6274,0.6536,61.2,0.4811
28-Nov-2025,4.6228,0.6533,61.2,0.4809
01-Dec-2025,4.6302,0.6545,61.3,0.4818
02-Dec-2025,4.6339,0.655,61.3,0.4809
03-Dec-2025,4.6486,0.658,61.5,0.4836
04-Dec-2025,4.6756,0.6614,61.8,0.4849
05-Dec-2025,4.681,0.662,61.9,0.4848
08-Dec-2025,4.697,0.6645,62.1,0.4873
09-Dec-2025,4.699,0.6647,62.1,0.4876
10-Dec-2025,4.69,0.6641,62.1,0.4873
11-Dec-2025,4.6885,0.6639,62,0.4874
12-Dec-2025,4.6998,0.6661,62.1,0.4875
15-Dec-2025,4.6855,0.6646,62,0.4862
16-Dec-2025,4.6746,0.6637,61.9,0.485
17-Dec-2025,4.6608,0.6616,61.7,0.4831
18-Dec-2025,4.6494,0.6602,61.6,0.4832
19-Dec-2025,4.6535,0.6609,61.7,0.4834
22-Dec-2025,4.6663,0.6628,61.9,0.4853
23-Dec-2025,4.6874,0.6669,62.1,0.4878
24-Dec-2025,4.7127,0.6709,62.3,0.4893
29-Dec-2025,4.7122,0.6722,62.4,0.4907
30-Dec-2025,4.698,0.6711,62.3,0.4898
31-Dec-2025,4.6777,0.6693,62.2,0.4883
02-Jan-2026,4.6813,0.6699,62.2,0.4892
05-Jan-2026,4.6594,0.6673,62.1,0.4877
06-Jan-2026,4.6956,0.6726,62.4,0.492
07-Jan-2026,4.7236,0.6761,62.8,0.494
08-Jan-2026,4.686,0.6707,62.4,0.4904
09-Jan-2026,4.6758,0.6698,62.4,0.4901
12-Jan-2026,4.6707,0.6696,62.4,0.4906
